"batter","hitter_name","exit_velo_95","O_swing","Z_swing","Z_contact","LA","wOBA","cluster"
405395,"Pujols, Albert",107.795,0.373271889400922,0.665377176015474,0.88953488372093,15.109561752988,0.387142857142857,"1"
408234,"Cabrera, Miguel",104.045,0.356858846918489,0.732704402515723,0.800429184549356,13.9179755671902,0.283411214953271,"2"
425877,"Molina, Yadier",99.525,0.478559176672384,0.741935483870968,0.836120401337793,19.8755868544601,0.245555555555556,"3"
429664,"Canó, Robinson",107.3,0.45679012345679,0.762589928057554,0.905660377358491,11.1032258064516,0.187980769230769,"1"
435559,"Suzuki, Kurt",100.845,0.311953352769679,0.712,0.887640449438202,22.8584905660377,0.260126582278481,"3"
443558,"Cruz, Nelson",107.9,0.356443719412724,0.75065274151436,0.775652173913044,12.4758942457232,0.308764940239044,"2"
444482,"Peralta, David",106.32,0.367088607594937,0.712707182320442,0.858527131782946,18.7660910518053,0.316907216494845,"3"
444876,"Escobar, Alcides",98.955,0.446601941747573,0.691542288557214,0.848920863309353,20.6,0.251145038167939,"3"
446334,"Longoria, Evan",106.075,0.30975954738331,0.641666666666667,0.775974025974026,17.8381502890173,0.334966216216216,"2"
453568,"Blackmon, Charlie",102.875,0.368163265306122,0.725787631271879,0.85048231511254,17.6713197969543,0.331040564373898,"3"
455117,"Maldonado, Martín",102.9,0.359060402684564,0.70840197693575,0.823255813953488,17.0736842105263,0.267914438502674,"3"
455139,"Chirinos, Robinson",102.36,0.364326375711575,0.726993865030675,0.793248945147679,17.5921568627451,0.272374429223744,"2"
456715,"Cain, Lorenzo",104.32,0.35792349726776,0.77431906614786,0.844221105527638,11.4581497797357,0.236217948717949,"1"
456781,"Solano, Donovan",103.865,0.37280701754386,0.671428571428571,0.884498480243161,19.0514018691589,0.32809364548495,"3"
457705,"McCutchen, Andrew",104.475,0.254676258992806,0.726899383983573,0.843220338983051,16.153743315508,0.315657439446367,"3"
457759,"Turner, Justin",103.3,0.321344800625489,0.720231213872832,0.85553772070626,23.1122448979592,0.350943396226415,"3"
458015,"Votto, Joey",105.15,0.293258426966292,0.725589225589226,0.784222737819026,18.8650442477876,0.318010752688172,"2"
462101,"Andrus, Elvis",103.3,0.337555886736215,0.62967032967033,0.870855148342059,14.9500657030223,0.320695652173913,"4"
467793,"Santana, Carlos",106.315,0.261354581673307,0.681874229346486,0.837251356238698,18.9909090909091,0.309722222222222,"3"
474832,"Belt, Brandon",102.76,0.261707988980716,0.794871794871795,0.755376344086022,22.4366197183099,0.306925675675676,"3"
476704,"Lowrie, Jed",101.33,0.278026905829596,0.782918149466192,0.809090909090909,22.9958158995816,0.23125,"3"
488726,"Brantley, Michael",103.575,0.267111853088481,0.631449631449631,0.910505836575875,13.6560693641618,0.354243542435424,"4"
493329,"Gurriel, Yuli",103.495,0.3813882532418,0.654658385093168,0.916508538899431,21.4608076009501,0.296041308089501,"3"
500743,"Rojas, Miguel",102.1,0.353581142339075,0.671809256661992,0.960334029227557,15.2313218390805,0.28640873015873,"4"
500871,"Escobar, Eduardo",104.6,0.392006149116065,0.74238578680203,0.813675213675214,22.5006711409396,0.31449814126394,"2"
502054,"Pham, Tommy",106.445,0.261954261954262,0.634651600753296,0.850148367952522,13.4755434782609,0.308467741935484,"1"
502110,"Martinez, J.D.",105.6,0.355886332882273,0.784851811196487,0.788811188811189,17.298309178744,0.348482293423272,"2"
502671,"Goldschmidt, Paul",107.6,0.280345040049291,0.623376623376623,0.78125,18.2240717029449,0.433101851851852,"2"
503556,"Gonzalez, Marwin",103.24,0.384615384615385,0.672782874617737,0.881818181818182,20.5559440559441,0.276485148514852,"3"
514888,"Altuve, Jose",104.3,0.318488529014845,0.665859564164649,0.909090909090909,15.645443196005,0.40559265442404,"4"
514917,"Hernández, César",102.1,0.309740714786265,0.725239616613419,0.876651982378855,12.1825980392157,0.294108019639934,"4"
516416,"Segura, Jean",105.4,0.380622837370242,0.660482374768089,0.890449438202247,10.2711538461538,0.337467362924282,"1"
516782,"Marte, Starling",106,0.370434782608696,0.68961038961039,0.851224105461394,9.97443609022556,0.367326732673267,"1"
518586,"Culberson, Charlie",100.89,0.461240310077519,0.773480662983425,0.842857142857143,11.1913580246914,0.305,"4"
518595,"d'Arnaud, Travis",104.7,0.397074190177638,0.71301775147929,0.804979253112033,16.5008576329331,0.348581560283688,"2"
518626,"Donaldson, Josh",105.8,0.332835820895522,0.698679471788715,0.745704467353952,17.2071651090343,0.313786764705882,"2"
518692,"Freeman, Freddie",104.79,0.319648093841642,0.773333333333333,0.862068965517241,17.6510263929619,0.405411255411255,"3"
518735,"Grandal, Yasmani",105.1,0.254385964912281,0.594553706505295,0.860050890585242,20.0980810234542,0.267866666666667,"3"
518792,"Heyward, Jason",106.65,0.352760736196319,0.671052631578947,0.803921568627451,16.9050279329609,0.263,"2"
518934,"LeMahieu, DJ",103.7,0.277866242038217,0.557174887892377,0.89738430583501,11.89001447178,0.346741154562384,"4"
519058,"Moustakas, Mike",105.1,0.417009602194787,0.760095011876485,0.83125,22.7377450980392,0.285964912280702,"2"
519203,"Rizzo, Anthony",105.86,0.334372564302416,0.657384987893462,0.871086556169429,20.6394366197183,0.351014760147601,"3"
519222,"Romine, Austin",103.2,0.403973509933775,0.746341463414634,0.751633986928105,17.6588235294118,0.209469696969697,"2"
519317,"Stanton, Giancarlo",114.9,0.31151832460733,0.63150289017341,0.704805491990847,16.1652542372881,0.333370535714286,"2"
519390,"Vogt, Stephen",100.66,0.355263157894737,0.65891472868217,0.841176470588235,22.2096069868996,0.257591623036649,"3"
521692,"Perez, Salvador",106.9,0.461814914645103,0.787052810902896,0.792207792207792,19.76886035313,0.339596602972399,"2"
527038,"Flores, Wilmer",102.94,0.315254237288136,0.674736842105263,0.893915756630265,22.8313817330211,0.316805324459235,"3"
541645,"García, Avisaíl",106.89,0.454648526077097,0.835051546391753,0.8,6.34533898305085,0.272883597883598,"1"
542194,"Bethancourt, Christian",107.69,0.487878787878788,0.827354260089686,0.747967479674797,16.7028301886792,0.309818731117825,"2"
542303,"Ozuna, Marcell",107.9,0.367460317460317,0.702490170380079,0.822761194029851,17.4903703703704,0.301485148514851,"2"
542340,"Villar, Jonathan",106.425,0.341240875912409,0.789634146341463,0.752895752895753,7.72348484848485,0.277209302325581,"1"
542364,"Ortega, Rafael",102.65,0.299573560767591,0.704545454545455,0.895781637717122,20.6477495107632,0.31013698630137,"3"
542583,"Aguilar, Jesús",104.13,0.395136778115502,0.666666666666667,0.828740157480315,20.7997138769671,0.298910891089109,"2"
542932,"Berti, Jon",103.75,0.26837416481069,0.680059523809524,0.853391684901532,15.193482688391,0.316749379652605,"3"
543063,"Crawford, Brandon",101.7,0.313667649950836,0.786628733997155,0.775768535262206,17.5324909747292,0.302759381898455,"2"
543068,"Cron, C.J.",107.9,0.363273453093812,0.648946840521565,0.856259659969088,18.9565217391304,0.34048,"2"
543228,"Gomes, Yan",103.06,0.424390243902439,0.726342710997442,0.887323943661972,15.4048780487805,0.283391003460208,"4"
543257,"Grossman, Robbie",101.85,0.240174672489083,0.652446675031368,0.851923076923077,23.1295971978984,0.292348008385744,"3"
543281,"Harrison, Josh",100.76,0.393905191873589,0.755795981452859,0.848670756646217,19.751987281399,0.305791962174941,"3"
543305,"Hicks, Aaron",103.5,0.250830564784053,0.648148148148148,0.811428571428571,18.5632798573975,0.307718120805369,"2"
543309,"Higashioka, Kyle",106.61,0.332068311195446,0.746701846965699,0.833922261484099,17.1331168831169,0.291598360655738,"2"
543333,"Hosmer, Eric",107.5,0.3762278978389,0.682804674457429,0.9119804400978,9.4637436762226,0.335487804878049,"1"
543510,"McCann, James",106.04,0.383529411764706,0.711805555555556,0.848780487804878,16.2868852459016,0.257591623036649,"1"
543543,"Miller, Brad",104.7,0.347349177330896,0.743869209809264,0.743589743589744,18.5551601423488,0.268958333333333,"2"
543592,"Nola, Austin",103.73,0.248520710059172,0.65288035450517,0.909502262443439,16.1001890359168,0.303934010152284,"4"
543685,"Rendon, Anthony",103.6,0.239035087719298,0.6996699669967,0.882075471698113,21.7095435684647,0.321465968586387,"3"
543760,"Semien, Marcus",102.2,0.296296296296296,0.749767441860465,0.887096774193548,19.7214428857715,0.331975138121547,"3"
543807,"Springer, George",107.3,0.307214895267649,0.803611738148984,0.797752808988764,16.0508021390374,0.367125645438898,"2"
543877,"Vázquez, Christian",101.9,0.362229102167183,0.681749622926094,0.889380530973451,18.5723270440252,0.316352941176471,"3"
543939,"Wong, Kolten",102.725,0.266777133388567,0.665873959571938,0.873214285714286,17.452743902439,0.343292682926829,"3"
544369,"Gregorius, Didi",101.02,0.466666666666667,0.826498422712934,0.889312977099237,17.0586592178771,0.266017316017316,"3"
544725,"Garcia, Leury",102.155,0.42433234421365,0.761006289308176,0.834710743801653,11.6466666666667,0.232475884244373,"4"
545121,"Vargas, Ildemaro",101.4,0.336244541484716,0.66865671641791,0.941964285714286,13.1525974025974,0.310633484162896,"4"
545341,"Grichuk, Randal",107,0.373671300081766,0.720159151193634,0.883977900552486,15.8005698005698,0.322710280373832,"1"
545358,"Stassi, Max",103.8,0.261176470588235,0.701365187713311,0.763990267639903,12.2493506493506,0.266756032171582,"2"
545361,"Trout, Mike",109.37,0.27130570758405,0.686440677966102,0.763668430335097,24.9701986754967,0.424847250509165,"2"
546318,"Herrera, Odúbel",106.88,0.420479302832244,0.701438848920863,0.902564102564103,9.49450549450549,0.314175257731959,"1"
546991,"Almora Jr., Albert",100.985,0.392354124748491,0.697604790419162,0.84549356223176,10.6085526315789,0.3,"4"
547180,"Harper, Bryce",107.635,0.415621986499518,0.834829443447038,0.821505376344086,16.959595959596,0.380288461538462,"1"
547989,"Abreu, José",107.7,0.338807785888078,0.677746999076639,0.861035422343324,13.6523143164693,0.37,"1"
553869,"Díaz, Elias",105.63,0.368243243243243,0.755834829443447,0.878859857482185,16.5796296296296,0.302925531914894,"1"
553882,"Narváez, Omar",98.4,0.332386363636364,0.746861924686193,0.817927170868347,22.6112412177986,0.274061433447099,"3"
553993,"Suárez, Eugenio",105.74,0.258084971464807,0.661538461538462,0.773255813953488,16.2640949554896,0.346496815286624,"2"
570482,"Urshela, Gio",103.625,0.400497512437811,0.725030826140567,0.841836734693878,17.3729662077597,0.33954128440367,"3"
570731,"Schoop, Jonathan",107.11,0.413003663003663,0.777618364418938,0.822878228782288,13.1344410876133,0.254554455445545,"1"
571448,"Arenado, Nolan",105.2,0.367416496250852,0.681344148319815,0.892857142857143,21.4667431192661,0.381818181818182,"3"
571466,"Barnhart, Tucker",100.11,0.303597122302158,0.691022964509395,0.873111782477341,12.2842377260982,0.268627450980392,"4"
571657,"Farmer, Kyle",101.435,0.392494136043784,0.66627358490566,0.911504424778761,16.0036855036855,0.316204506065858,"4"
571745,"Haniger, Mitch",106.69,0.300509337860781,0.678132678132678,0.800724637681159,19.1056105610561,0.336991869918699,"2"
571771,"Hernández, Enrique",105.27,0.312703583061889,0.741652021089631,0.864928909952607,19.0769230769231,0.288279301745636,"3"
571912,"Maile, Luke",101.64,0.292783505154639,0.675595238095238,0.832599118942731,18.0927419354839,0.294660194174757,"3"
571970,"Muncy, Max",105.4,0.217451523545706,0.631048387096774,0.809904153354633,19.1154446177847,0.323090586145648,"2"
571976,"Myers, Wil",103.59,0.328445747800586,0.631799163179916,0.788079470198676,14.3910447761194,0.313957597173145,"2"
571980,"Naquin, Tyler",105.88,0.425614489003881,0.823770491803279,0.748756218905473,16.480686695279,0.307142857142857,"2"
572039,"Piscotty, Stephen",103.69,0.417127071823204,0.802083333333333,0.766233766233766,15.8214285714286,0.257246376811594,"2"
572041,"Pollock, AJ",105.795,0.382749326145553,0.770718232044199,0.863799283154122,14.450146627566,0.307034220532319,"1"
572191,"Taylor, Michael A.",103.7,0.366666666666667,0.748125937031484,0.833667334669339,17.2404844290657,0.311479028697572,"3"
572204,"Thompson, Trayce",108.3,0.288378766140603,0.678004535147392,0.729096989966555,19.1393728222997,0.369019607843137,"2"
572228,"Voit, Luke",106.3,0.349195241427572,0.818070818070818,0.750746268656716,16.8521870286576,0.315696649029982,"2"
572233,"Walker, Christian",107.285,0.274267100977199,0.71031746031746,0.864525139664804,20.0856079404466,0.352413273001508,"3"
572761,"Carpenter, Matt",103.815,0.213740458015267,0.652439024390244,0.827102803738318,24.2772727272727,0.478333333333333,"3"
572816,"Dickerson, Corey",102.4,0.45398773006135,0.779582366589327,0.836309523809524,19.9849137931034,0.307627118644068,"3"
573131,"Ruf, Darin",105.425,0.273388773388773,0.594224924012158,0.826086956521739,16.7017937219731,0.302835051546392,"2"
573262,"Yastrzemski, Mike",103.975,0.27403156384505,0.655497382198953,0.861022364217252,23.2011331444759,0.311960431654676,"3"
575929,"Contreras, Willson",109.3,0.360215053763441,0.745985401459854,0.794520547945205,13.9931389365352,0.371770833333333,"2"
578428,"Iglesias, José",101.48,0.433553251649387,0.65288035450517,0.927601809954751,10.7282463186078,0.326939655172414,"4"
592178,"Bryant, Kris",102.83,0.294392523364486,0.761194029850746,0.901960784313726,13.1338912133891,0.380662983425414,"4"
592192,"Canha, Mark",103.345,0.285932721712538,0.634065934065934,0.824956672443674,12.3135838150289,0.356586270871985,"4"
592200,"Casali, Curt",101.9,0.291938997821351,0.737654320987654,0.803347280334728,22.1814516129032,0.308,"3"
592206,"Castellanos, Nick",103.2,0.439194422927963,0.787096774193548,0.809836065573771,16.268,0.314118705035971,"3"
592273,"Drury, Brandon",105.99,0.330615270570793,0.653975363941769,0.86472602739726,13.9109042553191,0.356194690265487,"1"
592325,"Gamel, Ben",103.8,0.279773156899811,0.676335877862595,0.887133182844244,14.094696969697,0.316706443914081,"4"
592450,"Judge, Aaron",111.62,0.272377814387699,0.686346863468635,0.831989247311828,17.9914425427873,0.46,"2"
592518,"Machado, Manny",107.6,0.351134846461949,0.777777777777778,0.832106038291605,21.4635603345281,0.392192429022082,"2"
592567,"Moran, Colin",102.35,0.363636363636364,0.740740740740741,0.828571428571429,18.4134078212291,0.302755905511811,"3"
592626,"Pederson, Joc",109.1,0.323584905660377,0.6928,0.863741339491917,20.005504587156,0.379789719626168,"2"
592663,"Realmuto, J.T.",105.7,0.354182366239638,0.698614318706697,0.816528925619835,18.1880794701987,0.365357142857143,"2"
592669,"Renfroe, Hunter",107.4,0.350040420371867,0.677215189873418,0.818691588785047,20.5869242199108,0.346531791907514,"2"
592696,"Rosario, Eddie",101.04,0.426179604261796,0.736543909348442,0.784615384615385,16.440119760479,0.270260223048327,"3"
592885,"Yelich, Christian",107.8,0.270845653459491,0.690340909090909,0.861454046639232,9.8317191283293,0.337518796992481,"1"
593160,"Merrifield, Whit",99.9,0.357021996615905,0.723353293413174,0.867549668874172,19.1210191082803,0.297814207650273,"3"
593428,"Bogaerts, Xander",105.59,0.325901639344262,0.661538461538462,0.834108527131783,12.3552795031056,0.371291866028708,"1"
593643,"Alberto, Hanser",99.34,0.492012779552716,0.802884615384615,0.832335329341317,12.4934497816594,0.287735849056604,"4"
593871,"Polanco, Jorge",105.87,0.291841883936081,0.644163150492264,0.834061135371179,24.0974729241877,0.337923250564334,"3"
594777,"Calhoun, Kole",104.9,0.36982520699172,0.815660685154976,0.734,16.4629981024668,0.261792452830189,"2"
594807,"Duvall, Adam",105.96,0.395161290322581,0.676470588235294,0.791925465838509,23.9219512195122,0.293968253968254,"2"
595281,"Kiermaier, Kevin",103,0.330595482546201,0.781976744186046,0.814126394052045,10.5919117647059,0.298642533936652,"1"
595751,"Alfaro, Jorge",108.835,0.499186991869919,0.824427480916031,0.722222222222222,10.3531073446328,0.296691176470588,"2"
595777,"Profar, Jurickson",103.23,0.277645659928656,0.676895306859206,0.873333333333333,17.9738846572361,0.329601226993865,"3"
595879,"Báez, Javier",106.14,0.495708154506438,0.684438040345821,0.772631578947368,14.2031029619182,0.310530821917808,"1"
595909,"Cave, Jake",104.905,0.353075170842825,0.756457564575646,0.775609756097561,14.6742081447964,0.307627118644068,"2"
595978,"Hedges, Austin",101.7,0.330739299610895,0.697813121272366,0.84045584045584,20.2825552825553,0.233841463414634,"3"
596019,"Lindor, Francisco",105.025,0.345025876940771,0.689908256880734,0.863031914893617,18.3801229508197,0.355263157894737,"3"
596059,"Odor, Rougned",104.3,0.36605504587156,0.733233979135618,0.813008130081301,23.0888157894737,0.284968017057569,"2"
596103,"Slater, Austin",104.76,0.293689320388349,0.713147410358566,0.762569832402235,12.9573333333333,0.350923076923077,"2"
596115,"Story, Trevor",105.455,0.37025641025641,0.706666666666667,0.783018867924528,23.1800391389432,0.330612244897959,"2"
596117,"Stubbs, Garrett",100.78,0.315286624203822,0.518324607329843,0.909090909090909,17.1736111111111,0.37,"4"
596129,"Vogelbach, Daniel",105.6,0.22815158546017,0.470951792336218,0.879265091863517,17.238188976378,0.35207423580786,"4"
596142,"Sánchez, Gary",109.52,0.326388888888889,0.62002743484225,0.816371681415929,17.5473098330241,0.291914893617021,"2"
596146,"Kepler, Max",106.15,0.278391959798995,0.736762481089259,0.893223819301848,12.8479020979021,0.311460674157303,"1"
596748,"Franco, Maikel",106.09,0.428571428571429,0.698581560283688,0.8248730964467,11.9902912621359,0.272857142857143,"1"
596847,"Choi, Ji-Man",105.6,0.243500866551127,0.709912536443149,0.743326488706366,16.5655737704918,0.333413461538462,"2"
598265,"Bradley Jr., Jackie",102.73,0.331257783312578,0.726027397260274,0.759433962264151,12.1184210526316,0.257472826086957,"2"
600303,"La Stella, Tommy",102.65,0.304824561403509,0.544378698224852,0.902173913043478,19.6705426356589,0.281538461538462,"3"
600869,"Candelario, Jeimer",103.56,0.374768089053803,0.771558245083207,0.833333333333333,17.2798092209857,0.28866090712743,"3"
602074,"Daza, Yonathan",100.45,0.401506996770721,0.662273476112026,0.885572139303483,10.5218120805369,0.344704433497537,"4"
602104,"Urías, Ramón",105.325,0.349848331648129,0.722560975609756,0.791139240506329,15.9138240574506,0.322665148063781,"2"
605119,"Anderson, Brian",105.59,0.337606837606838,0.767710049423394,0.772532188841202,12.6923076923077,0.308421052631579,"2"
605131,"Barnes, Austin",102.91,0.204255319148936,0.689473684210526,0.893129770992366,19.1892857142857,0.319047619047619,"3"
605137,"Bell, Josh",105.71,0.298784388995521,0.710191082802548,0.84304932735426,13.2026221692491,0.358177570093458,"1"
605141,"Betts, Mookie",104.6,0.263812154696133,0.704081632653061,0.926086956521739,20.2590855803048,0.385220125786164,"3"
605170,"Caratini, Victor",105.98,0.274965800273598,0.633009708737864,0.907975460122699,11.8817480719794,0.291346153846154,"1"
605204,"Davis, J.D.",107.5,0.308314087759815,0.798387096774194,0.682828282828283,14.6666666666667,0.340934065934066,"2"
605244,"Garcia, Aramis",104.19,0.333333333333333,0.761421319796954,0.793333333333333,20.6734693877551,0.230088495575221,"2"
605353,"Machín, Vimael",102.85,0.3168,0.663129973474801,0.904,20.5028901734104,0.280632411067194,"3"
605421,"Perez, Michael",103.15,0.317241379310345,0.623762376237624,0.825396825396825,17.2847682119205,0.234351145038168,"2"
605612,"Castro, Harold",101.48,0.424395161290323,0.705705705705706,0.868085106382979,15.3755656108597,0.311379310344828,"4"
606115,"Arcia, Orlando",105.01,0.311594202898551,0.64945652173913,0.870292887029289,12.1971326164875,0.329828326180257,"1"
606132,"Tapia, Raimel",105.03,0.450980392156863,0.719211822660099,0.874429223744292,7.30203442879499,0.300932400932401,"1"
606157,"Aquino, Aristides",106.69,0.430493273542601,0.785365853658537,0.739130434782609,21.3779069767442,0.275,"2"
606192,"Hernández, Teoscar",108.885,0.337549407114625,0.722154222766218,0.767796610169492,15.6258278145695,0.359269662921348,"2"
606466,"Marte, Ketel",108.135,0.316465256797583,0.689820359281437,0.847222222222222,14.6363636363636,0.321119133574007,"1"
606992,"Haase, Eric",105.885,0.398179749715586,0.71830985915493,0.778711484593838,20.276404494382,0.334051724137931,"2"
607043,"Nimmo, Brandon",105.6,0.265293383270911,0.67175572519084,0.869949494949495,15.1739606126915,0.365568862275449,"1"
607054,"Peterson, Jace",102.9,0.273722627737226,0.595317725752508,0.851123595505618,12.3367875647668,0.310526315789474,"4"
607208,"Turner, Trea",105.2,0.372572101236021,0.744368266405485,0.851315789473684,15.3361082206035,0.359019886363636,"1"
607732,"Stallings, Jacob",101.72,0.303867403314917,0.648506151142355,0.886178861788618,15.3291404612159,0.269712793733681,"4"
608070,"Ramírez, José",105.52,0.335253456221198,0.682902584493042,0.918486171761281,22.0372549019608,0.364909638554217,"3"
608324,"Bregman, Alex",102.6,0.226498422712934,0.700854700854701,0.911585365853659,23.7139423076923,0.361009174311927,"3"
608336,"Gallo, Joey",109.01,0.319772942289499,0.718562874251497,0.716666666666667,27.031746031746,0.289268292682927,"2"
608348,"Kelly, Carson",103.23,0.293772032902468,0.648601398601399,0.870619946091644,20.9252136752137,0.278470254957507,"3"
608369,"Seager, Corey",106.56,0.356622998544396,0.834451901565996,0.872654155495979,16.6431870669746,0.332415902140673,"1"
608385,"Winker, Jesse",104.91,0.232048374905518,0.727373068432671,0.867981790591806,19.1887824897401,0.319724770642202,"3"
608577,"Mazara, Nomar",101.2,0.327906976744186,0.672535211267606,0.806282722513089,19.9553571428571,0.304678362573099,"3"
608700,"Plawecki, Kevin",104.19,0.334975369458128,0.650684931506849,0.889473684210526,13.8531746031746,0.26304347826087,"4"
608701,"Refsnyder, Rob",103.9,0.276995305164319,0.630718954248366,0.792746113989637,16.6745283018868,0.386158192090395,"2"
608703,"Reynolds, Matt",103.95,0.275384615384615,0.632211538461538,0.859315589353612,9.94576271186441,0.297583643122677,"4"
608841,"Meneses, Joey",105.9,0.335793357933579,0.686868686868687,0.845588235294118,13.7103658536585,0.3957805907173,"1"
609280,"Andújar, Miguel",104.8,0.427215189873418,0.666666666666667,0.884615384615385,19.2319587628866,0.277338129496403,"3"
614173,"Cordero, Franchy",108.725,0.340740740740741,0.730769230769231,0.753289473684211,11.7025316455696,0.314154411764706,"2"
614177,"Reyes, Franmil",107.825,0.337477797513321,0.694635488308116,0.754455445544554,14.0154738878143,0.286334745762712,"2"
620443,"Torrens, Luis",102.3,0.314432989690722,0.678200692041522,0.857142857142857,16.6834862385321,0.27030303030303,"3"
621020,"Swanson, Dansby",105.2,0.318849449204406,0.750223813786929,0.776849642004773,16.5222348916762,0.343453237410072,"2"
621028,"Newman, Kevin",101.65,0.366718027734977,0.654292343387471,0.914893617021277,16.6034482758621,0.315737704918033,"4"
621035,"Taylor, Chris",103.56,0.288461538461538,0.788277511961722,0.69195751138088,18.792349726776,0.306984478935698,"3"
621043,"Correa, Carlos",107.2,0.314055144586416,0.650214592274678,0.863036303630363,14.6429463171036,0.36921768707483,"1"
621433,"Phillips, Brett",102.2,0.256410256410256,0.681192660550459,0.663299663299663,23.3463203463203,0.227149321266968,"3"
621438,"Taylor, Tyrone",103.84,0.370860927152318,0.712662337662338,0.856492027334852,17.9608938547486,0.315965346534653,"3"
621439,"Buxton, Byron",108.93,0.317982456140351,0.688816855753647,0.771764705882353,19.2397260273973,0.36348167539267,"2"
621450,"Bolt, Skye",102.1,0.316151202749141,0.708333333333333,0.786764705882353,13.261744966443,0.263478260869565,"2"
621493,"Ward, Taylor",104.6,0.245588235294118,0.659551760939168,0.851132686084142,22.5571227080395,0.374067495559503,"3"
621512,"Nido, Tomás",102.7,0.46177370030581,0.832929782082324,0.729651162790698,11.6571428571429,0.2765,"2"
621550,"Wisdom, Patrick",107.75,0.308333333333333,0.741789354473386,0.746564885496183,24.1235772357724,0.316858237547893,"2"
621563,"Wendle, Joey",102.97,0.443579766536965,0.666666666666667,0.905882352941176,8.34914611005693,0.298373983739837,"4"
621566,"Olson, Matt",108.04,0.332960893854749,0.759528130671506,0.758661887694146,23.1951731374606,0.346531791907514,"2"
622110,"Duffy, Matt",100.8,0.312159709618875,0.66579634464752,0.898039215686275,17.6276923076923,0.282926829268293,"3"
622534,"Margot, Manuel",105.5,0.380232558139535,0.761638733705773,0.84841075794621,17.4656188605108,0.316343490304709,"1"
622666,"Camargo, Johan",102.515,0.376344086021505,0.691699604743083,0.811428571428571,17.2583333333333,0.288787878787879,"3"
622682,"Reyes, Victor",103.5,0.456384323640961,0.727642276422764,0.76536312849162,15.6297071129707,0.293005952380952,"2"
622761,"Mateo, Jorge",105.3,0.401830282861897,0.751282051282051,0.81740614334471,20.516081871345,0.293478260869565,"2"
623168,"Heineman, Tyler",99.005,0.433048433048433,0.721115537848606,0.911602209944751,19.4730769230769,0.25,"3"
623205,"Velazquez, Andrew",103.225,0.355731225296443,0.786096256684492,0.750566893424036,12.4292565947242,0.260818713450292,"2"
623912,"Ramírez, Harold",106.5,0.45482546201232,0.740066225165563,0.850111856823266,12.3676703645008,0.346420323325635,"1"
623993,"Santander, Anthony",106.9,0.360626128838049,0.681341719077568,0.875384615384615,26.1876332622601,0.343498452012384,"3"
624413,"Alonso, Pete",110.1,0.367173252279635,0.749419953596288,0.857585139318885,20.8781038374718,0.37152466367713,"2"
624414,"Arroyo, Christian",105,0.434991974317817,0.784688995215311,0.899390243902439,11.9113082039911,0.325337837837838,"1"
624415,"Biggio, Cavan",101.6,0.213802435723951,0.661141804788214,0.827298050139276,17.2837078651685,0.305980066445183,"3"
624428,"Frazier, Adam",99.8,0.337209302325581,0.702552719200888,0.914691943127962,17.9616724738676,0.282718120805369,"3"
624431,"Trevino, Jose",103.42,0.431192660550459,0.604838709677419,0.876666666666667,18.3928571428571,0.30974212034384,"3"
624503,"Gordon, Nick",103.54,0.432017543859649,0.824451410658307,0.811787072243346,18.8086124401914,0.332801822323462,"3"
624512,"McGuire, Reese",101.43,0.409012131715771,0.676923076923077,0.909090909090909,15.0380434782609,0.310074626865672,"4"
624585,"Soler, Jorge",110.94,0.299492385786802,0.719262295081967,0.783475783475784,14.4718498659517,0.314967105263158,"2"
624641,"Sosa, Edmundo",104.005,0.483790523690773,0.71031746031746,0.837988826815642,15.7344398340249,0.296031746031746,"1"
628450,"Hernandez, Yadiel",102.5,0.355044699872286,0.755769230769231,0.765903307888041,11.0228310502283,0.327160493827161,"2"
628451,"Ibáñez, Andy",101.4,0.288256227758007,0.743169398907104,0.911764705882353,17.4049079754601,0.248031496062992,"3"
630105,"Cronenworth, Jake",102.9,0.263089005235602,0.626209322779244,0.89747191011236,22.3858632676709,0.331958762886598,"3"
640457,"Meadows, Austin",105.85,0.262569832402235,0.637931034482759,0.912162162162162,18.6275510204082,0.318493150684932,"4"
640458,"Mercado, Oscar",102.62,0.390845070422535,0.834224598930481,0.846153846153846,21.8324022346369,0.29140625,"3"
640461,"Pinder, Chad",104.585,0.359669811320755,0.772495755517827,0.749450549450549,15.1939655172414,0.2888,"2"
640492,"Azocar, José",102.47,0.431535269709544,0.769230769230769,0.836363636363636,15.0508474576271,0.299765258215962,"4"
641313,"Anderson, Tim",102.87,0.451428571428571,0.779279279279279,0.864161849710983,10.125,0.334626436781609,"4"
641355,"Bellinger, Cody",102.655,0.356934306569343,0.707841031149302,0.783004552352049,22.3766233766234,0.295355191256831,"3"
641487,"Crawford, J.P.",103.725,0.255654557916381,0.638506876227898,0.909230769230769,14.9560975609756,0.320268006700167,"4"
641511,"Delay, Jason",99.23,0.376,0.773381294964029,0.8,21.9659574468085,0.25,"3"
641531,"Dozier, Hunter",106.01,0.372322899505766,0.730662983425414,0.869565217391304,19.2903225806452,0.310240963855422,"3"
641553,"Engel, Adam",105.8,0.326666666666667,0.698979591836735,0.802919708029197,19.4109589041096,0.265697674418605,"2"
641584,"Fraley, Jake",104.05,0.295221843003413,0.713917525773196,0.855595667870036,16.3365384615385,0.356172839506173,"3"
641598,"Garver, Mitch",104.8,0.27536231884058,0.631713554987212,0.805668016194332,20.968085106383,0.328139534883721,"2"
641645,"Guillorme, Luis",99.6,0.256345177664975,0.606837606837607,0.915492957746479,12.3240343347639,0.32289156626506,"4"
641658,"Hampson, Garrett",101.3,0.301960784313725,0.63563829787234,0.857740585774059,15.9461538461538,0.2725,"4"
641680,"Heim, Jonah",103.92,0.343283582089552,0.764192139737991,0.857142857142857,20.937784522003,0.312946428571429,"3"
641779,"Leblanc, Charles",103.465,0.313397129186603,0.635714285714286,0.882022471910112,19.2714285714286,0.329585798816568,"3"
641820,"Mancini, Trey",105.84,0.34144645340751,0.696774193548387,0.824074074074074,15.5763799743261,0.325428082191781,"2"
641857,"McMahon, Ryan",106.56,0.289776574136764,0.672828096118299,0.79532967032967,17.5261146496815,0.331124161073825,"2"
641914,"Neuse, Sheldon",103.16,0.360347322720695,0.722814498933902,0.858407079646018,13.8866498740554,0.27439446366782,"4"
641933,"O'Neill, Tyler",106,0.301670146137787,0.705974842767296,0.78173719376392,18.9415584415584,0.312434554973822,"2"
642086,"Smith, Dominic",103.54,0.285714285714286,0.713656387665198,0.858024691358025,14.8449197860963,0.261184210526316,"3"
642133,"Tellez, Rowdy",107.985,0.312977099236641,0.619348054679285,0.843803056027165,18.9731543624161,0.333418367346939,"2"
642165,"VanMeter, Josh",101.36,0.196304849884527,0.560646900269542,0.894230769230769,14.4840182648402,0.252864583333333,"4"
642180,"Wade, Tyler",98.795,0.3,0.699248120300752,0.89247311827957,13.7129186602871,0.271835443037975,"4"
642336,"Mejía, Francisco",102.07,0.543884892086331,0.731829573934837,0.856164383561644,19.1301652892562,0.282608695652174,"3"
642350,"Siri, Jose",106.35,0.406607369758577,0.698744769874477,0.730538922155689,17.3017902813299,0.270923076923077,"2"
642708,"Rosario, Amed",105,0.431331953071084,0.683932346723044,0.85935085007728,13.4279705573081,0.323019431988042,"1"
642715,"Adames, Willy",104.4,0.338937457969065,0.733401430030644,0.811977715877437,19.2094175960347,0.33200325732899,"2"
642727,"Alcántara, Sergio",99.495,0.292418772563177,0.621134020618557,0.842323651452282,15.0602836879433,0.285135135135135,"4"
642731,"Estrada, Thairo",102.06,0.362211221122112,0.70668485675307,0.888030888030888,10.4205344585091,0.334200743494424,"4"
642851,"Wynns, Austin",102.46,0.335858585858586,0.563517915309446,0.867052023121387,10.1924882629108,0.309375,"4"
643217,"Benintendi, Andrew",101.925,0.28859649122807,0.762086513994911,0.841402337228714,19.0919540229885,0.355480769230769,"3"
643265,"Cooper, Garrett",106.9,0.327753303964758,0.647382920110193,0.838297872340426,13.3209459459459,0.338995726495727,"1"
643289,"Dubón, Mauricio",101.905,0.415467625899281,0.763925729442971,0.878472222222222,21.9451371571072,0.262786259541985,"3"
643376,"Jansen, Danny",105.3,0.276978417266187,0.693827160493827,0.836298932384342,25.9021406727829,0.370325203252032,"3"
643393,"Kemp, Tony",97.4,0.34026622296173,0.701775147928994,0.925801011804384,15.9975369458128,0.292934782608696,"4"
643396,"Kiner-Falefa, Isiah",101,0.333926981300089,0.604166666666667,0.949290060851927,10.1057563587684,0.298666666666667,"4"
643446,"McNeil, Jeff",100.3,0.349506578947368,0.806831566548881,0.871532846715328,17.4994324631101,0.37015306122449,"3"
643524,"Schwindel, Frank",103.71,0.405563689604685,0.756637168141593,0.807017543859649,17.6223776223776,0.290798611111111,"3"
644374,"Chang, Yu",105.16,0.336244541484716,0.684210526315789,0.822115384615385,17.6382978723404,0.273684210526316,"2"
645277,"Albies, Ozzie",101.73,0.460202604920405,0.833333333333333,0.860714285714286,21.401376146789,0.311152416356877,"3"
645302,"Robles, Victor",103.72,0.374225526641884,0.755775577557756,0.829694323144105,16.29,0.277974683544304,"3"
645444,"Herrera, Jose",96.555,0.276363636363636,0.62,0.838709677419355,6.79333333333333,0.215833333333333,"4"
645801,"Ford, Mike",106.88,0.243718592964824,0.542222222222222,0.885245901639344,23.1158536585366,0.28758389261745,"3"
646240,"Devers, Rafael",108.7,0.409871244635193,0.774580335731415,0.777089783281734,18.6459096459096,0.382861896838602,"2"
647304,"Naylor, Josh",106.77,0.383802816901408,0.735759493670886,0.886021505376344,11.477503628447,0.342886178861789,"1"
647351,"Toro, Abraham",103.7,0.34140127388535,0.659459459459459,0.863387978142076,19.7928118393235,0.251139601139601,"3"
649557,"Díaz, Aledmys",105.55,0.367751060820368,0.762312633832976,0.845505617977528,16.089485458613,0.306134969325153,"1"
649966,"Urías, Luis",102.5,0.268166089965398,0.663814180929095,0.804788213627993,21.5595432300163,0.339255319148936,"3"
650331,"Díaz, Lewin",103.7,0.36036036036036,0.618055555555556,0.808988764044944,23.1709401709402,0.232758620689655,"2"
650333,"Arraez, Luis",100,0.291190316072629,0.64902807775378,0.953410981697171,18.961915125136,0.360416666666667,"4"
650391,"Jiménez, Eloy",108.39,0.361073825503356,0.734411085450346,0.767295597484277,12.7702349869452,0.372477064220183,"2"
650402,"Torres, Gleyber",105.2,0.326792452830189,0.743333333333333,0.798206278026906,20.3337730870712,0.339260563380282,"2"
650489,"Castro, Willi",104.4,0.434474616292798,0.792580101180438,0.829787234042553,18.0827338129496,0.295897435897436,"3"
650490,"Díaz, Yandy",108.31,0.230830039525692,0.67152466367713,0.914858096828047,14.7850208044383,0.37994555353902,"1"
650559,"De La Cruz, Bryan",105.6,0.355455568053993,0.734939759036145,0.800546448087432,13.2663755458515,0.313802816901408,"2"
650859,"Rengifo, Luis",103.655,0.407272727272727,0.786908077994429,0.863716814159292,13.6266666666667,0.315490196078431,"4"
656180,"Adams, Riley",104.665,0.365979381443299,0.611607142857143,0.854014598540146,11.2872928176796,0.261688311688312,"1"
656185,"Allen, Greg",101.64,0.2875,0.725118483412322,0.803921568627451,15.1879194630872,0.256488549618321,"2"
656305,"Chapman, Matt",107.6,0.239310784939375,0.677570093457944,0.772413793103448,22.7847411444142,0.334329563812601,"2"
656308,"Chavis, Michael",105,0.442391304347826,0.783112582781457,0.80338266384778,15.3896797153025,0.284905660377358,"1"
656541,"Hilliard, Sam",107.44,0.25147347740668,0.703601108033241,0.728346456692913,21.21875,0.2665,"2"
656555,"Hoskins, Rhys",105.89,0.26205694363742,0.647959183673469,0.841207349081365,20.0568720379147,0.350745156482861,"3"
656582,"Joe, Connor",103.9,0.264864864864865,0.6,0.877637130801688,15.7459749552773,0.325215517241379,"4"
656669,"Luplow, Jordan",103.65,0.296849087893864,0.751861042183623,0.782178217821782,19.8617363344051,0.292456896551724,"2"
656716,"McKinstry, Zach",101.06,0.332631578947368,0.667721518987342,0.886255924170616,19.7918215613383,0.29016393442623,"3"
656775,"Mullins, Cedric",104.2,0.350840336134454,0.738372093023256,0.832020997375328,20.2338090010977,0.326576576576577,"2"
656811,"O'Hearn, Ryan",106.03,0.34493670886076,0.696969696969697,0.875776397515528,15.4769230769231,0.281944444444444,"1"
656896,"Rivera, Emmanuel",104.88,0.332080200501253,0.756653992395437,0.849246231155779,13.0858369098712,0.313370473537604,"1"
656941,"Schwarber, Kyle",110.455,0.261142857142857,0.629991126885537,0.797183098591549,20.9714285714286,0.358571428571429,"2"
656976,"Smith, Pavin",104.035,0.274074074074074,0.58294930875576,0.865612648221344,13.0127388535032,0.307427536231884,"4"
657041,"Thomas, Lane",104.8,0.304915514592934,0.638580931263858,0.868055555555556,17.7927170868347,0.320955882352941,"3"
657077,"Verdugo, Alex",104.5,0.298517995765702,0.656104380242311,0.920454545454545,14.277094972067,0.330607476635514,"4"
657557,"DeJong, Paul",106.04,0.320338983050847,0.744186046511628,0.760416666666667,21.0793103448276,0.240295358649789,"2"
657656,"Laureano, Ramón",105.9,0.32579185520362,0.657142857142857,0.826086956521739,16.9673913043478,0.304699738903394,"2"
657757,"Sheets, Gavin",104.3,0.376068376068376,0.642414860681115,0.860240963855422,18.3823038397329,0.317769607843137,"3"
658668,"Olivares, Edward",104.91,0.365617433414044,0.731884057971015,0.821782178217822,11.1487603305785,0.339884393063584,"1"
660162,"Moncada, Yoán",105.555,0.323643410852713,0.689306358381503,0.838574423480084,16.8393501805054,0.282476635514019,"2"
660271,"Ohtani, Shohei",108.1,0.329740012682308,0.757481940144479,0.788828337874659,15.0447058823529,0.374500768049155,"2"
660294,"Tsutsugo, Yoshi",102.115,0.282485875706215,0.693939393939394,0.88646288209607,20.1906474820144,0.227461139896373,"3"
660636,"Castillo, Diego",102.76,0.335843373493976,0.575257731958763,0.827956989247312,15.9051724137931,0.289539007092199,"2"
660644,"Bruján, Vidal",102.22,0.354666666666667,0.742616033755274,0.857954545454545,15.4061135371179,0.226234567901235,"4"
660670,"Acuña Jr., Ronald",108.5,0.292867981790592,0.768957345971564,0.805855161787365,16.3886583679115,0.35,"2"
660688,"Ruiz, Keibert",102.66,0.36797454931071,0.732773109243697,0.919724770642202,17.4412698412698,0.307242990654206,"4"
660707,"Montero, Elehuris",105.58,0.402912621359223,0.709923664122137,0.801075268817204,17.8920187793427,0.311081081081081,"2"
660757,"Gonzalez, Oscar",107.67,0.490307867730901,0.761278195488722,0.837037037037037,11.1754385964912,0.355687830687831,"1"
660766,"Yepez, Juan",104.15,0.398387096774194,0.763855421686747,0.858044164037855,18.720207253886,0.33485401459854,"3"
660821,"Sánchez, Jesús",109.02,0.36036036036036,0.685884691848907,0.828985507246377,18.0228310502283,0.297084548104956,"2"
661388,"Contreras, William",107.21,0.314911366006257,0.659284497444634,0.744186046511628,9.22248243559719,0.380213903743315,"2"
661531,"Serven, Brian",101.34,0.4136460554371,0.73394495412844,0.804166666666667,18.6326530612245,0.27192118226601,"3"
662139,"Varsho, Daulton",104.735,0.362957430918596,0.70061099796334,0.808139534883721,18.0856423173804,0.335470085470085,"2"
663457,"Nootbaar, Lars",107.4,0.261176470588235,0.597402597402597,0.84472049689441,16.0307692307692,0.346820809248555,"1"
663527,"Nevin, Tyler",102.7,0.277542372881356,0.719626168224299,0.835497835497836,18.5228215767635,0.283606557377049,"3"
663538,"Hoerner, Nico",102.57,0.37243947858473,0.666212534059946,0.926380368098159,16.9901960784314,0.3352,"4"
663586,"Riley, Austin",109.2,0.354858548585486,0.772413793103448,0.841836734693878,17.5537459283388,0.380246020260492,"2"
663611,"Madrigal, Nick",99.275,0.324701195219123,0.614285714285714,0.934883720930233,10.2208588957055,0.271004566210046,"4"
663616,"Larnach, Trevor",107.55,0.270880361173815,0.644128113879004,0.740331491712707,16.3132530120482,0.312569832402235,"2"
663624,"Mountcastle, Ryan",106.5,0.415601882985878,0.815943728018757,0.783045977011494,22.1157407407407,0.319370860927152,"2"
663630,"McKenna, Ryan",103.42,0.332317073170732,0.761194029850746,0.745098039215686,16.1058201058201,0.285416666666667,"2"
663647,"Hayes, Ke'Bryan",107.1,0.303387334315169,0.635212888377445,0.903985507246377,15.21140472879,0.309892086330935,"1"
663656,"Tucker, Kyle",104.59,0.312407680945347,0.848017621145374,0.88051948051948,20.3941109852775,0.351986754966887,"3"
663697,"India, Jonathan",104.1,0.287878787878788,0.582312925170068,0.866822429906542,17.0652173913043,0.326291079812207,"4"
663698,"Bart, Joey",107.265,0.342143906020558,0.65625,0.720634920634921,14.6071428571429,0.300689655172414,"2"
663728,"Raleigh, Cal",106.54,0.364077669902913,0.799019607843137,0.775051124744376,24.5594149908592,0.335421686746988,"2"
663743,"Fortes, Nick",105.2,0.306324110671937,0.654069767441861,0.871111111111111,20.2740213523132,0.317647058823529,"3"
663757,"Grisham, Trent",104.885,0.248858447488584,0.587845303867403,0.796992481203007,20.3179487179487,0.285825242718447,"2"
663837,"Vierling, Matt",106.1,0.323383084577114,0.61,0.879781420765027,19.3075313807531,0.293837535014006,"3"
663845,"Rivas, Alfonso",103.4,0.264993026499303,0.645621181262729,0.854889589905363,11.2391930835735,0.292756183745583,"4"
663886,"Stephenson, Tyler",102.39,0.299107142857143,0.651408450704225,0.854054054054054,16.9953703703704,0.376229508196721,"3"
663897,"Williams, Luke",101.07,0.366666666666667,0.728571428571429,0.803921568627451,25.0862068965517,0.274444444444444,"3"
663898,"Rodgers, Brendan",105.965,0.3192,0.748259860788863,0.855813953488372,12.0936280884265,0.333217993079585,"1"
663993,"Lowe, Nathaniel",107.04,0.360810810810811,0.751196172248804,0.838216560509554,16.5883620689655,0.376168224299065,"2"
664023,"Happ, Ian",105.355,0.318943298969072,0.754262788365095,0.808510638297872,17.5223529411765,0.349920634920635,"2"
664034,"France, Ty",104.9,0.366136034732272,0.788647342995169,0.914241960183767,14.0656108597285,0.351241721854305,"4"
664040,"Lowe, Brandon",106.7,0.354200988467875,0.806045340050378,0.7875,18.2523076923077,0.306390977443609,"2"
664056,"Bader, Harrison",103.255,0.377510040160643,0.654545454545455,0.885416666666667,18.8467153284672,0.305111821086262,"3"
664058,"Fletcher, David",95.5,0.353092783505155,0.631578947368421,0.939814814814815,15.9630872483221,0.282,"4"
664059,"Haggerty, Sam",103.8,0.318906605922551,0.75,0.810810810810811,16.9475982532751,0.325126903553299,"2"
664238,"Moore, Dylan",103.55,0.22289156626506,0.618336886993603,0.775862068965517,25.6047297297297,0.339087301587302,"3"
664247,"Garlick, Kyle",107.125,0.365921787709497,0.663934426229508,0.777777777777778,16.8522727272727,0.337345679012346,"2"
664670,"Lopez, Alejo",99.525,0.349854227405248,0.741228070175439,0.887573964497041,15.1026785714286,0.304934210526316,"4"
664702,"Straw, Myles",99.3,0.242748091603053,0.606870229007634,0.927672955974843,19.822641509434,0.267060810810811,"4"
664728,"Isbel, Kyle",106.09,0.329192546583851,0.662790697674419,0.873684210526316,18.5206611570248,0.267028985507246,"3"
664731,"Higgins, P.J.",101.85,0.292418772563177,0.649275362318841,0.861607142857143,13.3295880149813,0.316441441441441,"4"
664761,"Bohm, Alec",105.1,0.362473347547974,0.746085011185682,0.850074962518741,15.7891156462585,0.33,"1"
664774,"Wade Jr., LaMonte",103.42,0.286666666666667,0.693877551020408,0.886029411764706,20.2470588235294,0.297791164658635,"3"
664874,"Zavala, Seby",102.275,0.371698113207547,0.785507246376812,0.752767527675277,20.9185185185185,0.338613861386139,"3"
664901,"Mendick, Danny",100.845,0.253164556962025,0.637837837837838,0.779661016949153,14.921875,0.353333333333333,"2"
664913,"Brown, Seth",107.9,0.336810730253353,0.712616822429907,0.844262295081967,18.5883211678832,0.327767695099819,"2"
664983,"McCarthy, Jake",103.575,0.347645429362881,0.77634011090573,0.826190476190476,10.0904977375566,0.355555555555556,"1"
665019,"Clemens, Kody",103,0.378947368421053,0.723214285714286,0.808641975308642,18.8967391304348,0.218897637795276,"3"
665120,"Walsh, Jared",106.44,0.335046248715313,0.688227684346701,0.817669172932331,17,0.285777777777778,"2"
665161,"Peña, Jeremy",105.78,0.417460317460317,0.780913978494624,0.869191049913941,8.87921348314607,0.323243243243243,"1"
665482,"Celestino, Gilberto",102.55,0.266583229036295,0.688888888888889,0.823821339950372,8.06018518518519,0.302623906705539,"1"
665489,"Guerrero Jr., Vladimir",111.51,0.350061957868649,0.739307535641548,0.841597796143251,9.53311617806732,0.362374100719424,"2"
665506,"Pache, Cristian",105.44,0.325233644859813,0.756544502617801,0.799307958477509,5.81881533101045,0.2201171875,"1"
665742,"Soto, Juan",108.2,0.203233256351039,0.608527131782946,0.867834394904459,14.6535326086957,0.383662613981763,"1"
665750,"Taveras, Leody",104.335,0.356217616580311,0.701195219123506,0.818181818181818,18.0074812967581,0.302654867256637,"2"
665828,"Cabrera, Oswaldo",102.325,0.379775280898876,0.760147601476015,0.854368932038835,24.71484375,0.327647058823529,"3"
665833,"Cruz, Oneil",112.69,0.331914893617021,0.53757225433526,0.810035842293907,14.7267605633803,0.330222841225627,"2"
665862,"Chisholm Jr., Jazz",105.22,0.314946619217082,0.697674418604651,0.766666666666667,14.8158844765343,0.365833333333333,"2"
665926,"Giménez, Andrés",104.29,0.426751592356688,0.711928934010152,0.828877005347594,14.4118438761777,0.368852459016393,"1"
666135,"Kirilloff, Alex",103.38,0.360215053763441,0.723140495867769,0.862857142857143,12.5836909871245,0.300961538461539,"4"
666139,"Lowe, Josh",102.65,0.290650406504065,0.696378830083565,0.728,19.5564853556485,0.286224489795918,"3"
666158,"Lux, Gavin",103.28,0.269642857142857,0.668508287292818,0.853305785123967,11.7557522123894,0.337234042553192,"4"
666176,"Adell, Jo",107.16,0.387234042553191,0.717021276595745,0.697329376854599,22.0428571428571,0.285614035087719,"2"
666179,"Beer, Seth",104.58,0.345890410958904,0.689265536723164,0.778688524590164,15.3398692810458,0.245121951219512,"2"
666182,"Bichette, Bo",106.665,0.395626242544732,0.8035538005923,0.85995085995086,16.4314868804665,0.358020231213873,"1"
666185,"Carlson, Dylan",101.95,0.292163543441227,0.713561470215463,0.820603907637655,17.2916006339144,0.315876288659794,"3"
666624,"Morel, Christopher",106.685,0.331963001027749,0.750380517503805,0.663286004056795,12.0022522522523,0.330048076923077,"2"
666801,"Castro, Rodolfo",105.6,0.317307692307692,0.706855791962175,0.79933110367893,12.4304207119741,0.321376811594203,"2"
666915,"Dalbec, Bobby",106.3,0.326486486486486,0.698181818181818,0.770833333333333,17.4868735083532,0.300710227272727,"2"
666969,"García, Adolis",107.465,0.409795412275264,0.753246753246753,0.738505747126437,20.2421686746988,0.328483920367534,"2"
666971,"Gurriel Jr., Lourdes",104.2,0.336642599277978,0.711021505376344,0.862003780718336,17.7264573991031,0.336788617886179,"3"
668227,"Arozarena, Randy",106.66,0.341708542713568,0.664171122994652,0.784219001610306,13.0985732814527,0.34609984399376,"2"
668472,"Pratto, Nick",102.87,0.311064718162839,0.678571428571429,0.770334928229665,23.6053811659193,0.295303867403315,"3"
668709,"Bleday, JJ",101.5,0.2832,0.752475247524752,0.779605263157895,26.4030769230769,0.266386554621849,"3"
668731,"Baddoo, Akil",103,0.309734513274336,0.728571428571429,0.819607843137255,17.8327402135231,0.272544642857143,"3"
668751,"Mitchell, Cal",102.905,0.355864811133201,0.719653179190751,0.879518072289157,10.9533333333333,0.28982683982684,"4"
668800,"Knizner, Andrew",102.94,0.359939759036145,0.681093394077449,0.872909698996655,21.0025445292621,0.282534246575342,"3"
668804,"Reynolds, Bryan",105.685,0.365737593473827,0.748798076923077,0.863563402889246,16.8649681528662,0.360115131578947,"1"
668939,"Rutschman, Adley",103.75,0.261111111111111,0.647530040053405,0.898969072164948,18.5071315372425,0.363297872340426,"4"
668942,"Rojas, Josh",101.78,0.23083264633141,0.675609756097561,0.839350180505415,15.029702970297,0.331772908366534,"3"
669004,"Melendez, MJ",105.4,0.280728376327769,0.693621867881549,0.798029556650246,17.7578947368421,0.314971751412429,"2"
669016,"Marsh, Brandon",105.035,0.348540145985401,0.680731364275668,0.799586776859504,15.6787003610108,0.303063457330416,"2"
669087,"Huff, Sam",107,0.372937293729373,0.777777777777778,0.75974025974026,15.7350993377483,0.310687022900763,"2"
669127,"Langeliers, Shea",107.965,0.40625,0.748917748917749,0.722543352601156,18.4761904761905,0.294117647058824,"2"
669221,"Murphy, Sean",107.2,0.346575342465753,0.728070175438597,0.829819277108434,14.1756919374248,0.334672131147541,"1"
669222,"Senzel, Nick",102.9,0.326436781609195,0.696610169491525,0.866180048661801,14.1384615384615,0.298671497584541,"4"
669242,"Edman, Tommy",104.16,0.34910394265233,0.64951768488746,0.896039603960396,14.0446650124069,0.32588141025641,"4"
669257,"Smith, Will",104.9,0.260744985673352,0.661207778915046,0.846749226006192,26.8074454428755,0.355923344947735,"3"
669261,"Suwinski, Jack",107,0.285870755750274,0.634294385432473,0.815789473684211,18.1886363636364,0.315540540540541,"2"
669289,"Espinal, Santiago",101.5,0.308707124010554,0.685161290322581,0.894538606403013,18.2222222222222,0.309304703476483,"3"
669304,"Miranda, Jose",104.1,0.379125780553078,0.735166425470333,0.87007874015748,17.6038863976084,0.337240663900415,"3"
669352,"Thompson, Bubba",100.905,0.422976501305483,0.825757575757576,0.761467889908257,11.9045454545455,0.282402234636871,"2"
669357,"Gorman, Nolan",105.2,0.354567307692308,0.779381443298969,0.775132275132275,20.9571428571429,0.317731629392971,"2"
669374,"Hiura, Keston",107.635,0.350704225352113,0.715596330275229,0.689102564102564,20.7186440677966,0.346792452830189,"2"
669394,"Burger, Jake",108.15,0.419953596287703,0.741035856573705,0.817204301075269,20,0.32877094972067,"2"
669397,"Allen, Nick",98.72,0.377331420373027,0.763676148796499,0.871060171919771,14.5886363636364,0.25390625,"4"
669450,"Hummel, Cooper",105.78,0.227467811158798,0.648725212464589,0.820960698689956,10.2844036697248,0.27035175879397,"1"
669701,"Smith, Josh H.",101.015,0.255591054313099,0.64218009478673,0.837638376383764,21.2366666666667,0.267529880478088,"3"
669720,"Hays, Austin",104.235,0.397628458498024,0.689567430025445,0.892988929889299,16.1644562334217,0.328879310344828,"4"
669742,"Hall, Darick",107.075,0.371517027863777,0.75,0.8,20.0842696629213,0.33943661971831,"2"
669743,"Call, Alex",100.82,0.289085545722714,0.675324675324675,0.826923076923077,20.7758620689655,0.331679389312977,"3"
670032,"Lopez, Nicky",99.325,0.33822091886608,0.702300405953992,0.86897880539499,13.0734632683658,0.274255319148936,"4"
670541,"Alvarez, Yordan",110.1,0.286528866714184,0.675094816687737,0.878277153558052,18.24,0.427727272727273,"2"
670623,"Paredes, Isaac",104.76,0.258483033932136,0.626016260162602,0.893506493506493,18.4901960784314,0.331578947368421,"4"
670712,"Brosseau, Mike",101.1,0.329268292682927,0.677536231884058,0.72192513368984,20.1121951219512,0.3490625,"3"
670764,"Walls, Taylor",100.5,0.252276867030965,0.67680608365019,0.801498127340824,20.6557971014493,0.262634989200864,"3"
670768,"González, Luis",102.1,0.292740046838407,0.720064724919094,0.849438202247191,16.349494949495,0.306160458452722,"3"
670770,"Friedl, TJ",102.665,0.28,0.646080760095012,0.897058823529412,19.1189024390244,0.326356589147287,"3"
671277,"García, Luis",104.225,0.448192771084337,0.681541582150101,0.8125,9.25357873210634,0.306266666666667,"1"
671739,"Harris II, Michael",108.7,0.419921875,0.692551505546751,0.848970251716247,10.2124352331606,0.375284738041002,"1"
672284,"Kelenic, Jarred",105.925,0.316425120772947,0.729824561403509,0.716346153846154,16.6796116504854,0.241160220994475,"2"
672386,"Kirk, Alejandro",105.64,0.269984917043741,0.621281464530893,0.902394106813996,17.1508152173913,0.364776951672862,"4"
672695,"Perdomo, Geraldo",100.97,0.253355704697987,0.631760644418872,0.872495446265938,16.1004784688995,0.267835051546392,"4"
672779,"Marcano, Tucupita",98,0.305699481865285,0.671328671328671,0.901041666666667,12.5113122171946,0.261046511627907,"4"
673357,"Robert, Luis",107.805,0.48963133640553,0.83991683991684,0.851485148514851,16.4402852049911,0.3385,"1"
673490,"Kim, Ha-Seong",103.75,0.287407407407407,0.629224652087475,0.853080568720379,20.3846153846154,0.323350694444444,"3"
673548,"Suzuki, Seiya",105.035,0.264864864864865,0.579088471849866,0.87037037037037,17.115671641791,0.35447247706422,"4"
675656,"Smith, Kevin",104.72,0.397626112759644,0.726872246696035,0.806060606060606,18.5185185185185,0.242905405405405,"2"
676369,"Velázquez, Nelson",107,0.298353909465021,0.750809061488673,0.711206896551724,15.4253393665158,0.306188118811881,"2"
676391,"Clement, Ernie",100.2,0.389502762430939,0.640449438202247,0.865497076023392,16.5447154471545,0.232203389830508,"3"
676480,"Barrero, Jose",104.335,0.435523114355231,0.783464566929134,0.778894472361809,15.3443396226415,0.181176470588235,"2"
676632,"Madris, Bligh",102.83,0.309027777777778,0.681372549019608,0.81294964028777,16.0817610062893,0.239430894308943,"2"
676694,"Meyers, Jake",102.88,0.344827586206897,0.662790697674419,0.783625730994152,14.6113989637306,0.272327044025157,"2"
676701,"Trejo, Alan",99.425,0.405498281786942,0.698019801980198,0.843971631205674,16.4375,0.324193548387097,"3"
676801,"McCormick, Chas",103.16,0.33739837398374,0.722871452420701,0.775981524249423,17.3221052631579,0.331449631449631,"2"
677551,"Franco, Wander",104.155,0.355102040816327,0.754677754677755,0.931129476584022,15.5362035225049,0.330320699708455,"4"
677594,"Rodríguez, Julio",109.3,0.378296910324039,0.718626155878468,0.806985294117647,11.8852459016393,0.38070652173913,"2"
677649,"Duran, Ezequiel",105.88,0.434599156118143,0.740506329113924,0.790598290598291,15.3368421052632,0.285321100917431,"1"
677950,"Thomas, Alek",105.5,0.375294117647059,0.647709320695103,0.819512195121951,7.8503937007874,0.288820638820639,"1"
677951,"Witt Jr., Bobby",108.09,0.379089615931721,0.730021598272138,0.819526627218935,22.2239155920281,0.319028662420382,"2"
679529,"Torkelson, Spencer",105.7,0.277121374865736,0.709439528023599,0.831600831600832,18.7373540856031,0.277915632754342,"3"
680700,"Palacios, Richie",101.65,0.325657894736842,0.708133971291866,0.898648648648649,17.5478723404255,0.262809917355372,"3"
680757,"Kwan, Steven",99.82,0.237715803452855,0.569920844327177,0.952160493827161,17.9851936218679,0.351743264659271,"4"
680776,"Duran, Jarren",102.94,0.365019011406844,0.698591549295775,0.838709677419355,13.3243243243243,0.296412556053812,"4"
680777,"Jeffers, Ryan",106.04,0.301247771836007,0.695090439276486,0.817843866171004,17.7603833865815,0.292735042735043,"2"
680911,"Miller, Owen",102.6,0.384410983170948,0.632248939179632,0.879194630872483,16.9985185185185,0.296382978723404,"3"
680977,"Donovan, Brendan",101.965,0.239279588336192,0.5875,0.923404255319149,13.8764805414552,0.365483870967742,"4"
681082,"Stott, Bryson",102.53,0.31897341888176,0.631043256997455,0.877016129032258,20.6088280060883,0.296659482758621,"3"
681146,"Bride, Jonah",100.99,0.268498942917548,0.490740740740741,0.905660377358491,14.9506726457399,0.264516129032258,"4"
681584,"Villar, David",101.365,0.268518518518519,0.694630872483222,0.743961352657005,15.936170212766,0.346961325966851,"2"
681987,"Eaton, Nate",102.46,0.328859060402685,0.756906077348066,0.854014598540146,21.9447852760736,0.323140495867769,"3"
682928,"Abrams, CJ",103.05,0.442708333333333,0.740139211136891,0.865203761755486,12.9685230024213,0.28047138047138,"4"
682985,"Greene, Riley",107.74,0.31953801732435,0.658788774002954,0.836322869955157,8.89532710280374,0.312259615384615,"1"
683002,"Henderson, Gunnar",107.235,0.236196319018405,0.68075117370892,0.8,12.0328947368421,0.350763358778626,"1"
683734,"Vaughn, Andrew",105.1,0.362027353177796,0.629453681710214,0.888679245283019,14.5286885245902,0.339233576642336,"4"
686469,"Pasquantino, Vinnie",106.66,0.300632911392405,0.707616707616708,0.913194444444444,18.574025974026,0.37972972972973,"3"
686681,"Massey, Michael",102.53,0.401891252955083,0.75,0.779279279279279,13.883064516129,0.317539267015707,"2"
687093,"Grissom, Vaughn",101.4,0.388586956521739,0.736363636363636,0.882716049382716,13.4502369668246,0.345806451612903,"4"
