name,pitcher,pitches,hand,fastball,avg_velo,max_velo,offspeed_rate,primary_offspeed,avg_rel_ext,release_angle_ground
Max Fried,608331,2816,L,FF,94.41735807860262,99.6,0.5422585227272727,CB,6.296626420454546,77.34060052626863
Shane McClanahan,663556,2463,L,FF,97.34994311717861,101.3,0.6431181485992692,CH,6.835931790499391,81.627663433447
Reid Detmers,672282,2181,L,FF,92.08126951092612,95.6,0.5502063273727649,SL,5.669280146721687,73.24792506400544
Carlos Rodón,607074,2985,L,FF,95.3578860898138,99.9,0.3882747068676717,SL,6.196683417085427,73.1696217653614
Nick Lodolo,666157,1681,L,FF,94.36066790352504,97.3,0.4098750743604997,CB,6.448661511005354,58.356638945385555
Aaron Ashby,676879,1878,L,FT,94.17730829420971,97.9,0.626730564430245,SL,5.5222814498933905,83.89813890707923
Jordan Montgomery,656756,2715,L,FT,93.41098081023455,96.9,0.44419889502762433,CB,6.638195211786372,74.11226114932755
Sean Manaea,640455,2482,L,FT,92.53977498345466,97.7,0.3912167606768735,CH,7.1939967767929085,60.883071858701
Kirk McCarty,668948,574,L,CUT,88.55108225108225,92,0.21254355400696862,CB,6.066202090592334,76.636496138526
Jake Fishman,670288,171,L,FT,87.17281553398058,90.1,0.39766081871345027,SL,6.298245614035087,53.31326053436075
Dillon Peters,596071,634,L,FT,92.3719298245614,94.6,0.4968454258675079,CH,6.189589905362776,73.63621580283117
Brock Burke,656271,1330,L,FF,96.00345649582837,100.3,0.33157894736842103,SL,6.926766917293233,74.84699924271962
Austin Davis,656354,1118,L,FF,93.99917012448132,98,0.5438282647584973,SL,6.256529516994633,66.26483417142403
Brandon Hughes,676714,952,L,FF,90.72418300653595,95.5,0.4684873949579832,SL,6.240064446831364,66.05848028580306
Steven Brault,643230,157,L,FT,92.1686274509804,94.7,0.35668789808917195,SL,7.105732484076433,59.87619688368166
Dylan Lee,669276,754,L,FF,92.29504373177842,97,0.5450928381962865,SL,6.464190981432361,75.28031032124349
Cionel Pérez,672335,901,L,FF,96.30967741935484,98.9,0.3940066592674806,SL,5.8593784683684795,78.4623082232094
Tim Mayza,641835,731,L,FT,93.39004975124378,96.6,0.17373461012311903,SL,6.287824897400821,74.5624673117719
Hoby Milner,571948,1088,L,FT,89.04356223175965,91.6,0.5303308823529411,CB,6.540938362465502,46.280063757900024
Amir Garrett,607237,804,L,FF,94.24648318042813,98.4,0.5646766169154229,SL,6.2818407960199005,65.06291149492056
Alex Vesia,681911,951,L,FF,94.387,97.6,0.36908517350157727,SL,6.44931650893796,81.00438193983594
Sam Selman,572125,295,L,FF,89.9281690140845,92.6,0.4711864406779661,SL,6.45593220338983,77.02459885172843
Jovani Moran,663558,672,L,FF,94.03527696793003,97.5,0.4895833333333333,CH,6.546726190476191,77.61066412048102
José Quijada,650671,691,L,FF,94.95093696763203,98.4,0.15050651230101303,CH,6.586541244573082,67.0323109875588
Lucas Luetge,476595,971,L,CUT,87.97433962264151,91.1,0.45417095777548916,SL,6.3020597322348095,85.15097919736897
Wandy Peralta,593974,815,L,FT,94.52236842105263,97,0.5815950920245399,CH,5.909213759213759,81.36101152624671
Brent Suter,608718,1070,L,FF,88.16556671449068,93,0.2925233644859813,CH,7.141495327102803,64.91352593060061
Jalen Beeks,656222,999,L,FF,95.52116182572614,98.2,0.5055055055055055,CH,6.547947947947948,83.06943654284984
Brennan Bernardino,657514,41,L,FT,91.71923076923076,93.1,0.36585365853658536,CB,5.770731707317073,57.36907591378484
Kirby Snead,669912,780,L,FT,92.77147239263803,95.5,0.44487179487179485,SL,6.177564102564102,64.04910767599263
Brooks Raley,548384,846,L,FT,89.37789473684211,91.6,0.5791962174940899,SL,5.704733727810651,61.99259843643925
Framber Valdez,664285,3017,L,FT,93.01239837398374,96.7,0.37122969837587005,CB,5.911368909512761,81.85494368066658
Kyle Freeland,607536,2839,L,FF,90.93661119515885,95.3,0.5463191264529764,SL,6.5480084596404655,74.13658507034026
Clayton Kershaw,477132,1842,L,FF,90.97074829931972,93.6,0.5960912052117264,SL,6.346116241173275,77.36783412065635
Nestor Cortes,641482,2465,L,FF,90.88873499538319,95,0.23326572008113589,SL,5.766138855054812,75.80072175712372
Eric Lauer,641778,2676,L,FF,92.82961702127659,96.1,0.3665919282511211,SL,6.170989505247376,75.59445819782893
Ranger Suárez,624133,2564,L,FT,92.05601941747572,95.5,0.3299531981279251,CH,6.1746879875195,68.96317285051957
Drew Smyly,592767,1723,L,FT,91.92825745682889,94.9,0.4329657573998839,KC,5.7790481717933835,72.36248952675201
Caleb Smith,592761,1234,L,FF,90.52989323843417,93.9,0.5437601296596435,SL,5.704294975688817,76.57220323391634
Sam Hentges,656529,944,L,FF,96.45775862068966,99.5,0.3707627118644068,CB,6.658050847457627,74.44112575317988
A. J. Minter,621345,1111,L,FF,96.46582278481013,98.7,0.18091809180918092,CH,6.211521152115211,67.5285914239432
Adrián Morejón,670970,540,L,FF,97.18552278820376,100.3,0.30925925925925923,SL,6.449074074074074,73.60818083619145
Jake Diekman,518617,1171,L,FF,95.41423076923077,98.9,0.36037574722459437,SL,6.333646456020495,57.38053662404205
Sam Moll,594580,737,L,FT,90.85562310030394,93.1,0.55359565807327,SL,4.675576662143826,67.72022641874108
Richard Bleier,542947,768,L,FT,90.18793565683646,92.3,0.22786458333333331,SL,6.652473958333333,62.960413629205334
A. J. Puk,640462,1072,L,FF,97.8337231968811,100.8,0.3824626865671642,SL,7.062126865671642,58.19617073226203
Génesis Cabrera,650893,736,L,FF,95.76666666666667,98.8,0.48233695652173914,CB,6.111141304347826,78.26377775537541
Packy Naughton,676050,562,L,FF,92.15333333333334,95.2,0.4626334519572954,CH,5.791103202846975,67.64057915926017
Tyler Matzek,554431,713,L,FF,94.0819012797075,97.7,0.23281907433380084,SL,6.292426367461431,74.67250813193269
Reiver Sanmartin,665665,1031,L,FT,88.6180995475113,93.7,0.5955383123181377,CH,6.3116666666666665,56.86536158432179
Caleb Ferguson,657571,580,L,FF,94.62164948453608,97.2,0.3310344827586207,CB,6.1096551724137935,67.04589632200057
Ross Detwiler,446321,471,L,CUT,83.79414634146342,87.7,0.06157112526539278,CB,5.540645161290323,75.29871763118658
Manny Banuelos,544365,718,L,FT,93.65033557046979,96,0.5863509749303621,CB,6.3774373259052926,71.106028212725775
Colin Poche,621363,974,L,FF,94.5605298013245,97.7,0.22484599589322382,CB,7.185508735868448,77.85284537204711
Tyler Holton,663947,159,L,FF,91.05,93.4,0.4716981132075472,CH,6.649056603773585,82.32802015157598
Ryan Borucki,621366,415,L,FT,95.49330143540669,98,0.4963855421686747,SL,6.637831325301205,71.24262334354952
José Alvarado,621237,881,L,FT,100.28729166666666,103.3,0.012485811577752554,CB,6.742905788876277,80.0202743509829
Lucas Gilbreath,656458,796,L,FF,93.92761578044598,97.2,0.2675879396984925,SL,6.210301507537689,78.40816957674373
Martín Pérez,527048,2979,L,FT,91.89875954198473,95.1,0.32494125545485064,CH,5.920745216515609,79.27395178923325
Blake Snell,605483,2341,L,FF,96.43913713405239,99.5,0.44468175993165315,SL,6.744254592054678,72.41328204576841
Madison Bumgarner,518516,2715,L,CUT,87.80222897669707,91.1,0.3023941068139963,CB,6.548508287292818,63.711272440219204
Patrick Sandoval,663776,2456,L,FF,92.48640429338104,96.9,0.629885993485342,SL,6.034867617107943,77.5611091246359
Robbie Ray,592662,3047,L,FF,93.2218151540383,97.7,0.3980964883491959,SL,6.457152252548504,67.1799340536228
José Quintana,500779,2724,L,FF,91.54367346938776,94.2,0.47613803230543317,CB,6.443392070484582,68.59262115466605
Mike Minor,501985,1750,L,FF,89.39889349930844,92.7,0.5845714285714286,SL,5.5445714285714285,80.82628944228966
Julio Urías,628711,2622,L,FF,92.3286970423661,95.6,0.507627765064836,CB,5.710148798168638,74.52708596700226
Jeffrey Springs,605488,2149,L,FF,91.58225806451613,94.4,0.5946952070730572,CH,6.451838064215915,69.10635336527862
Kris Bubic,663460,2262,L,FF,92.38600174978127,97.3,0.49469496021220155,CH,6.540318302387268,73.73410221215322
Bailey Falter,663559,1295,L,FT,93.1464953271028,96.5,0.3575289575289575,CB,7.446872586872587,80.90823671825663
Tommy Milone,543548,238,L,FF,86.007,87.9,0.5798319327731092,CH,6.003781512605042,65.39655690302904
Anthony Banda,607455,551,L,FF,94.8867816091954,97.1,0.47368421052631576,CH,6.223049001814882,72.13500850432119
Josh Hader,623352,943,L,FT,98.0842748091603,100.9,0.3054082714740191,SL,6.741039236479321,61.49969550829539
Steven Okert,595345,967,L,FF,93.4663430420712,96.3,0.6804550155118925,SL,6.30134436401241,60.57288465064862
Gregory Soto,642397,1101,L,FT,98.81796407185628,102.7,0.22615803814713897,SL,6.68755676657584,68.04261985142138
Aroldis Chapman,547973,679,L,FF,98.768700265252,103.4,0.3946980854197349,SL,7.1759941089838,83.87511828675962
Brad Hand,543272,816,L,FF,91.25409836065573,94.2,0.5208333333333334,SL,5.623774509803922,69.58444998244195
Tim Hill,657612,745,L,FT,90.11756097560976,93.2,0.0912751677852349,SL,6.91503355704698,38.73106114831134
Aaron Loup,571901,967,L,FT,90.25987261146497,93.8,0.15305067218200621,CH,5.9942088934850055,46.80993399456136
Sam Long,669674,739,L,FF,94.26773162939297,97,0.5602165087956699,CH,6.0587280108254395,84.81821060944357
Tyler Anderson,542881,2576,L,FF,90.36942740286298,94.6,0.328804347826087,CH,6.095067961165048,72.25938660300409
Alex Wood,622072,2239,L,FT,92.21579980372914,94.9,0.5448861098704778,SL,6.218892362661903,64.767030785944
Justin Steele,657006,2032,L,FF,92.47575757575757,96.9,0.3553149606299213,SL,6.258218503937008,73.03955324155042
Ryan Yarbrough,642232,1355,L,CUT,82.47737226277373,85.9,0.5092250922509225,CB,6.392546125461255,59.259604924025396
Yusei Kikuchi,579328,1843,L,FF,95.51942060085837,98.8,0.4405860010851872,SL,6.843353228431905,72.40613157436975
Tyler Alexander,641302,1591,L,CUT,85.84840909090909,88.5,0.29352608422375864,CH,6.269201759899435,71.2954663632719
Austin Gomber,596295,2059,L,FF,91.50656324582339,95.7,0.5930063137445362,SL,6.513258863525984,74.9853551066185
Tanner Scott,656945,1273,L,FF,96.28485477178424,99.4,0.6213668499607227,SL,6.241856805664831,64.51794096994105
Daniel Castano,641447,577,L,CUT,86.1978813559322,90,0.4090121317157712,SL,6.0484375,71.4546338067624
Matt Moore,519043,1248,L,FF,93.29607843137255,96.5,0.5504807692307692,KC,6.169526864474739,77.61871041029657
Tarik Skubal,669373,1914,L,FF,93.84705882352941,99.8,0.522466039707419,SL,6.221003134796238,69.86191730608921
Cole Irvin,608344,2609,L,FF,90.77190082644628,95.3,0.391337677270985,CB,6.3730931391337675,76.30381547204637
Marco Gonzales,594835,2836,L,FF,88.68444444444444,91.6,0.43935119887165025,CH,6.392665726375176,68.15345983188887
Braxton Garrett,666129,1436,L,FF,91.49553072625699,94.4,0.5243732590529249,SL,6.4001392757660165,65.79397293340332
Andrew Heaney,571760,1230,L,FF,92.52340702210664,96.9,0.37479674796747964,SL,6.111056910569106,60.504259646837866
Patrick Corbin,571578,2623,L,FT,93.47361963190184,100.7,0.3774304231795654,SL,6.7581014105985515,71.27450911680846
Nick Vespi,663989,446,L,FF,87.73145539906103,91,0.5224215246636771,SL,5.762331838565022,69.16600873499371
David Price,456034,596,L,FF,91.61593625498008,95.8,0.1493288590604027,CH,5.986409395973155,67.50075904431029
Taylor Rogers,573124,1084,L,FT,93.22272727272727,97,0.5710332103321033,SL,5.671033210332103,72.65375445045667
Andrew Chafin,605177,899,L,FT,91.81331444759206,95.5,0.3225806451612903,SL,6.535483870967742,73.6995099081564
Brett Martin,656685,750,L,FT,93.66653992395437,95.9,0.5466666666666666,CB,6.481466666666667,75.49623489283455
Jake McGee,459429,629,L,FF,93.82936660268714,98.8,0.17170111287758347,SL,6.035294117647059,71.49057068397957
José Suarez,660761,1783,L,FF,92.20065573770492,95.3,0.5743129556926528,CH,6.108917554683118,65.84308547378492
Tyler Gilbert,656457,564,L,CUT,85.79795918367347,90.4,0.2429078014184397,SP,5.911170212765957,74.8305669016524
Angel Zerpa,672582,159,L,FF,92.7746835443038,93.9,0.4088050314465409,SL,5.531446540880503,67.11845936588814
Ethan Small,663629,132,L,FF,91.74714285714286,95.6,0.4696969696969697,CH,6.787121212121212,76.85615384203176
Garrett Cleavinger,664076,347,L,FF,94.85378787878788,98.6,0.45821325648414984,SL,6.17514450867052,74.72991990968045
Will Smith,519293,985,L,FF,91.83789731051344,95.1,0.584771573604061,SL,6.154213197969543,76.764779715004
Jarlín García,606424,1015,L,FF,94.15264367816091,96.5,0.5714285714285714,CH,6.505418719211822,73.49384890813396
Kyle Nelson,669459,593,L,FF,91.21441860465116,94.9,0.6374367622259696,SL,5.917200674536256,81.78812785876168
T. J. McFarland,519008,487,L,FT,87.60723684210527,90,0.37166324435318276,CH,5.563244353182752,70.9565625654636
Trevor Rogers,669432,1940,L,FF,94.66383186705767,98.7,0.4706185567010309,CH,6.712641898864809,66.20716542681969
MacKenzie Gore,669022,1258,L,FF,95.45084967320261,99.4,0.39109697933227344,CB,6.871201272871917,75.4492053907807
David Peterson,656849,1888,L,FF,94.86103351955308,99.2,0.5042372881355932,SL,7.03125,70.42437815118724
Keegan Akin,669211,1235,L,FF,92.502492211838,95.4,0.4801619433198381,SL,5.860242914979757,69.07301942917034
Zack Thompson,668868,575,L,FF,95.64294871794871,100.4,0.3965217391304348,CB,6.681913043478261,78.96210072645293
Joe Mantiply,573009,861,L,FT,90.27115384615385,93.2,0.562137049941928,CB,6.413821138211382,59.60710699020797
Joely Rodríguez,570257,842,L,FT,92.37573529411765,95.3,0.4477434679334917,CH,6.281947743467933,54.71167929639667
Konnor Pilkington,663455,1039,L,FF,92.40744680851064,96.9,0.36573628488931664,CH,6.413474494706448,73.16805252136442
Steven Matz,571927,849,L,FT,92.3133495145631,97.6,0.5147232037691402,CH,6.370963855421687,72.19829617393228
Taylor Hearn,621368,1787,L,FF,94.64215456674474,98.5,0.3559037493005036,SL,6.3497760358342665,67.538110285454
Darwinzon Hernández,650382,182,L,FF,94.65495495495496,98.3,0.39010989010989017,SL,6.798895027624309,60.79878105194166
Tanner Banks,621383,897,L,FF,92.1818407960199,95.6,0.5507246376811594,SL,5.879264214046823,68.76988774079481
JoJo Romero,668941,271,L,FT,93.50857142857143,96.6,0.5092250922509225,CH,5.39040590405904,76.45286674350666
Zach Logue,656657,1022,L,FF,88.98151093439364,91.8,0.29354207436399216,CB,5.611937377690802,64.15690309477661
JP Sears,676664,1079,L,FF,93.35531914893618,96.6,0.4337349397590362,SL,6.395732838589981,75.56148200902376
Chris Sale,519242,102,L,FF,94.84054054054054,97.1,0.5392156862745099,SL,6.491176470588235,59.47897576816631
Caleb Thielbar,573204,996,L,FF,92.80325203252032,95.8,0.5060240963855421,SL,6.253815261044177,86.65848458678136
Jared Koenig,657649,653,L,FT,89.61181102362205,94.4,0.35068912710566613,CB,6.53813169984686,70.16321711102893
Daniel Lynch,663738,2435,L,FF,95.21807802093244,98.3,0.5371663244353182,SL,6.855154004106776,76.56578659568352
Tanner Tully,668684,116,L,FF,90.65797101449276,93.1,0.4051724137931034,SL,5.996551724137931,67.22362273896358
Daniel Norris,596057,1010,L,FF,90.58396501457726,94.6,0.5811881188118811,SL,5.792970297029703,65.79484623495732
Devin Smeltzer,656970,1129,L,FF,88.56674208144797,92.9,0.5031000885739593,CH,5.848804251550044,69.70883618927309
Dallas Keuchel,572971,1165,L,FT,86.51715399610137,89.4,0.3424892703862661,CH,5.976116838487973,76.7914410348647
Matthew Liberatore,669461,650,L,FF,93.66306306306306,98.1,0.45384615384615384,CB,6.367796610169491,84.62050027195502
Kolby Allard,663465,299,L,FF,90.65786163522013,93.2,0.24749163879598662,CH,6.038795986622073,71.53183195670577
Josh Fleming,676596,662,L,FT,90.9475138121547,94.7,0.2990936555891239,CH,6.416163141993958,62.424264610984906
Cristopher Sánchez,650911,662,L,FT,94.23910891089109,96.9,0.38972809667673713,CH,7.075075528700906,76.12155790936701
Matt Strahm,621381,764,L,FF,93.99109589041096,96.2,0.4712041884816754,SL,6.265137614678899,65.98443055938772
Eric Stout,657770,449,L,FF,91.08333333333333,93.4,0.6525612472160356,SL,5.795991091314031,62.438651626003704
Bruce Zimmermann,669145,1130,L,FF,90.22042682926829,93.3,0.608849557522124,CH,6.091681415929203,81.00455775757978
John King,667463,749,L,FT,91.64311224489796,94.5,0.39519359145527366,CH,5.955674232309747,66.4778448858615
Alex Young,622065,445,L,FT,90.19375,91.9,0.6966292134831461,CB,5.883146067415731,70.25650924541547
Matt Gage,657424,187,L,FF,92.709375,95.8,0.058823529411764705,SL,6.294117647058823,74.65129068517349
Anthony Gose,543238,389,L,FF,95.06454183266932,99.4,0.3521850899742931,SL,6.057255936675462,81.65770448266025
Ray Kerr,678061,88,L,FF,95.121875,98,0.5909090909090908,SL,5.939772727272727,63.52232855371791
Chasen Shreve,592741,474,L,FF,90.3388625592417,92.7,0.5548523206751055,SP,6.426371308016877,70.26102958046629
Rich Hill,448179,1990,L,FF,88.27415254237287,92.2,0.5020100502512563,CB,6.121206030150754,73.429195736077
Cam Vieaux,664944,208,L,FF,92.58510638297872,94.4,0.5480769230769231,SL,5.962019230769231,71.29411651447548
Ty Blach,621389,674,L,FT,89.47324324324325,92.7,0.28189910979228483,CH,5.23946587537092,65.3251095947025
Aaron Fletcher,667465,173,L,FT,89.63058823529411,92.3,0.5086705202312138,CH,5.787283236994219,63.15623888433399
Justin Bruihl,677865,341,L,CUT,87.37818181818182,89.8,0.19941348973607037,SL,6.682111436950146,61.31253286017177
Francisco Pérez,660906,205,L,FF,92.61162790697675,96.1,0.37073170731707317,SL,5.8951219512195125,83.66697309484876
Foster Griffin,656492,111,L,CUT,89.16,93.8,0.3063063063063063,CB,6.221621621621622,74.32953845995935
Gabe Speier,642100,298,L,FT,92.99569892473119,95.3,0.4429530201342282,SL,5.986912751677853,70.55532701588824
Kenny Rosenberg,670046,193,L,FF,89.95568181818182,93.5,0.5440414507772021,CH,5.747668393782384,79.21544662913436
Roenis Elías,606273,114,L,FF,92.20217391304348,93.6,0.5701754385964912,CH,5.52719298245614,75.65576304034714
Justus Sheffield,656954,179,L,FT,91.15714285714286,93.5,0.5307262569832403,SL,5.9111731843575415,76.9622737945271
Evan Lee,681885,165,L,FF,91.49418604651163,95.8,0.47878787878787876,CB,5.934545454545455,81.76515955599608
Ryan Weathers,677960,89,L,FF,92.61333333333333,94.8,0.4943820224719101,SL,5.759550561797753,75.07739391738906
Bennett Sousa,656986,365,L,FF,93.88,97,0.5753424657534246,SL,6.263013698630137,76.41343612481089
Sean Newcomb,656794,552,L,FF,85.3608552631579,95.7,0.11594202898550723,CB,5.734842519685039,76.88653493994941
Jose Alvarez,501625,273,L,FT,90.9906474820144,93.6,0.45054945054945056,CH,6.45970695970696,70.30074516998445
Wade Miley,489119,561,L,CUT,84.96974789915966,88,0.40819964349376114,CH,6.125846702317291,72.05834972884543
Jhonathan Diaz,646242,236,L,FF,91.66935483870968,93.6,0.5,SL,6.676271186440678,58.60085778352824
Andrew Vasquez,607755,153,L,FT,88.62045454545455,91.8,0.7124183006535948,CB,6.186928104575164,65.63414883207858
Aaron Bummer,607481,457,L,FT,94.57747440273037,98.2,0.2778993435448578,SL,6.32472647702407,65.95459321285927
Parker Mushinski,656786,111,L,CUT,87.3344827586207,89.3,0.5135135135135135,CB,6.40990990990991,76.94241120859265
Blake Taylor,642130,305,L,FF,93.25619469026549,96.1,0.25901639344262295,SL,6.635737704918033,77.82940821943829
Josh Rogers,642028,419,L,FF,90.00457142857142,93,0.45107398568019097,SL,6.192601431980907,64.80940471810587
Hyun Jin Ryu,547943,395,L,FF,89.54545454545455,93.5,0.4481012658227848,CH,6.564050632911393,70.39829917045932
Paul Fry,643316,232,L,FF,91.35844155844156,93.4,0.6681034482758621,SL,6.115948275862069,64.29998175795059
Anthony Misiewicz,664948,465,L,CUT,88.38670520231214,92,0.34408602150537637,CB,5.812688172043011,84.15051070939016
Ken Waldichuk,686610,586,L,FF,95.02960725075529,98,0.4351535836177474,SL,6.99419795221843,62.8352649894689
Michael Plassmeyer,674681,99,L,FF,89.04912280701754,91.2,0.4242424242424242,CH,6.308080808080808,64.34918393968015
Andrew Nardi,677053,374,L,FF,95.09071729957806,97.5,0.36631016042780745,SL,6.824064171122995,64.27120075150583
DL Hall,669084,269,L,FF,96.82428571428571,99.5,0.4795539033457249,SL,6.737546468401487,60.89722665128093
Rob Zastryzny,642239,72,L,FF,92.58387096774193,94.8,0.4861111111111111,CH,6.475,72.29224889125386
Eduardo Rodriguez,593958,1469,L,FF,91.56810506566605,94.7,0.2021783526208305,CH,6.148228882833787,72.62540457376625
Jesús Luzardo,666200,1644,L,FF,95.0964125560538,98.7,0.5267639902676399,CB,5.753892944038929,71.35993942157977
Tommy Henry,674072,773,L,FF,92.02027972027972,95.1,0.4424320827943079,SL,6.528072445019405,72.81564609568395
Matt Boyd,571510,192,L,FF,92.54761904761905,94.8,0.5260416666666667,SL,6.119270833333333,66.91511399974105
Joey Wentz,666214,555,L,FF,91.79803921568627,96.3,0.22882882882882882,CH,6.202169981916818,82.80083308850408
Tucker Davidson,656353,912,L,FF,93.12332361516034,96.7,0.5701754385964912,SL,6.1895718990120745,76.143745646639
Thomas Szapucki,663378,291,L,FF,95.34915254237288,98,0.3917525773195876,CB,6.230584192439863,68.15855991189551
Cole Ragans,666142,706,L,FF,91.41624203821657,94.6,0.3909348441926346,CH,6.103682719546742,82.6957339104047
Scott Alexander,518397,214,L,FT,92.26013071895424,94.8,0.2850467289719626,CH,6.124766355140187,72.27172153699635
Zack Britton,502154,39,L,FT,91.653125,93.6,0.1794871794871795,SL,5.776923076923077,79.5114904816067
Kyle Muller,666205,233,L,FF,94.81284403669724,98,0.5321888412017167,SL,6.512446351931331,77.03123524975679
Alex Claudio,592222,50,L,FT,83.9037037037037,85.6,0.45999999999999996,CH,5.804,59.745953467655525
Brendon Little,663893,22,L,FT,93.02666666666667,94.8,0.3181818181818182,SL,5.695454545454545,80.50784527642772
José Castillo,620454,16,L,FF,94.4,96.4,0.5,SL,6.4125,62.388292307160356
Nate Fisher,688010,50,L,FF,90.61666666666667,92.7,0.52,SL,5.336,66.1239579291937
Sam Clay,621348,100,L,FT,90.86901408450704,93.9,0.29000000000000004,SL,5.591,79.51664994544538
Danny Young,664849,126,L,FT,87.65384615384616,88.9,0.5873015873015873,SL,5.747619047619048,53.30776793365831
Matt Dermody,571616,26,L,FF,92.54285714285714,93.1,0.5769230769230769,SL,6.1923076923076925,80.04900773625913
Shane Bieber,669456,2875,R,FF,91.88939393939394,95.3,0.4897391304347827,SL,6.626270006958943,76.95759492278148
Miles Mikolas,571945,3151,R,FF,93.72584400465658,97.8,0.5011107584893685,SL,6.420469692161219,72.55255002512453
Merrill Kelly,518876,3071,R,FF,92.09921875,95.3,0.3552588733311625,CH,6.15167807103291,72.94944593636887
Logan Webb,657277,3005,R,FT,92.43757575757576,95.8,0.6382695507487521,SL,6.733777038269551,72.76064457708138
Gerrit Cole,543037,3274,R,FF,97.76955241460541,102.1,0.4178375076359194,SL,6.415058032987171,72.13672212943283
Beau Brieske,689225,1287,R,FF,93.36195286195286,96.1,0.466977466977467,CH,5.809479409479409,79.98298579571879
Vince Velasquez,592826,1286,R,FF,93.75256637168141,97,0.4797822706065319,SL,6.585591900311527,77.33608286533426
Joan Adon,672851,1204,R,FF,94.72271573604061,98.1,0.3064784053156146,CB,6.325333333333333,66.97382807222178
Dane Dunning,641540,2548,R,FT,89.78635917566241,93.7,0.4803767660910518,SL,6.572174254317112,64.7212499054687
Kyle Gibson,502043,2739,R,FT,92.51194805194805,96,0.38298649142022634,SL,6.712230741146404,69.85745870954764
Nathan Eovaldi,543135,1739,R,FF,96.16971514242879,100.3,0.515813686026452,SP,6.648821161587119,66.63666978719182
Chad Kuhl,641771,2375,R,FT,92.84920159680638,96.4,0.5532631578947369,SL,6.355728727885426,67.41426114081891
Carlos Hernández,672578,1035,R,FF,93.3895145631068,101.9,0.49951690821256034,KC,6.583516483516483,80.0812302864939
Chris Archer,502042,1787,R,FF,92.95188087774295,96.7,0.642977056519306,SL,6.177336317851148,77.63773672188172
Connor Overton,656818,469,R,FT,90.45503875968993,92.7,0.5095948827292112,SL,6.132409381663113,73.76792159364473
José Berríos,621244,2721,R,FF,93.95131926121373,97.6,0.46306504961411243,CB,6.402168320470415,62.21101811251293
Bryce Elder,693821,873,R,FT,89.8048780487805,92.8,0.3883161512027491,SL,5.827605956471936,78.38016158477433
Taijuan Walker,592836,2499,R,FF,92.9753052917232,96.5,0.5254101640656262,SP,5.968027210884354,71.11060086742249
Luis Garcia,677651,2468,R,FF,93.45077071290945,97.4,0.28322528363047,CB,6.097811993517018,76.77489968994759
Spenser Watkins,657093,1642,R,FF,90.60142857142857,94.5,0.3185140073081608,SL,6.220049049662784,73.52036310493568
JT Brubaker,664141,2381,R,FT,91.94969939879759,95.6,0.5216295674086519,SL,5.642857142857143,69.61321285737574
Michael Rucker,621074,893,R,FF,91.3386189258312,98.8,0.5599104143337066,SL,6.1359212050984935,70.63415711960864
Matt Wisler,605538,749,R,FF,88.7453125,90.5,0.9145527369826435,SL,5.787716955941255,75.00241588044285
Ronald Bolaños,671790,332,R,FT,93.82072072072071,99.1,0.4548192771084338,SL,6.583734939759037,72.15405325000714
Chris Stratton,608717,1100,R,FF,93.55485232067511,96.2,0.5509090909090909,CB,6.550090909090909,73.93146537594673
Ian Kennedy,453178,867,R,FF,93.60780141843972,95.9,0.1637831603229527,CH,6.602998846597463,75.61526932571296
Spencer Strider,675911,2277,R,FF,99.20026229508197,103.6,0.3302591128678085,SL,6.9160369068541305,69.7694203591771
Jeurys Familia,544727,817,R,FT,94.42433862433863,97.8,0.2962056303549572,SL,5.78531211750306,76.74695725706711
Andrés Machado,600921,997,R,FT,95.95892857142857,98.8,0.35707121364092276,SL,6.809929789368105,71.71372814456802
Jaime Barria,642545,1123,R,FF,91.66150627615063,94.2,0.6073018699910953,SL,6.021638468388246,73.42150489896565
Corey Knebel,608349,794,R,FF,95.93447653429602,98.6,0.3022670025188917,KC,6.499874055415617,75.11086472319757
Reyes Moronta,606625,640,R,FF,95.5741935483871,99.8,0.4671875,SL,6.3715625000000005,76.96069776094156
Jake Cousins,664776,267,R,FT,96.04086956521739,98.6,0.5692883895131087,SL,6.781647940074906,55.00811341833584
Javy Guerra,642770,330,R,FT,95.86850828729281,99.7,0.29393939393939394,SL,5.834042553191489,74.92678788215154
Kendall Graveman,608665,1035,R,FT,96.60874439461884,99.5,0.45120772946859905,SL,6.313719806763285,79.23873860035272
Steven Wilson,621051,874,R,FF,95.74473684210527,98.8,0.47826086956521735,SL,6.783981693363844,72.20881139604296
Joe Jiménez,641729,937,R,FF,96.28056951423785,98.7,0.3628601921024546,SL,6.761686232657417,67.52344017554987
James Norwood,656803,370,R,FF,96.76833333333333,99.3,0.5027027027027027,SP,6.546756756756757,73.04017294070304
Joel Payamps,606303,952,R,FF,94.31221374045802,96.9,0.49789915966386555,SL,5.916596638655462,68.29792989715558
Sean Reid-Foley,656887,196,R,FF,96.75842696629213,99.6,0.5306122448979591,SL,6.921428571428572,77.6095545817018
Liam Hendriks,521230,948,R,FF,98.80749128919861,101.5,0.39451476793248946,SL,7.0235232067510545,74.56026747143525
Wil Crowe,640444,1380,R,FT,94.68503401360545,98.3,0.6239130434782609,SL,6.500507246376811,70.35585368153686
Lucas Sims,608371,129,R,FF,92.24545454545455,94.2,0.5736434108527132,SL,5.548062015503876,75.10521167749864
Jorge López,605347,1160,R,FT,97.7617094017094,100.8,0.4508620689655172,KC,6.326379310344827,69.69558648823649
Matt Barnes,598264,693,R,FF,95.72232704402516,98.1,0.5411255411255411,KC,6.765656565656566,75.48530407036696
Anthony Bender,669622,274,R,FT,96.52453987730061,99.3,0.3868613138686131,SL,5.880656934306569,77.03205841046488
Adam Ottavino,493603,1057,R,FT,94.97412790697675,97.9,0.499526963103122,SL,6.819715639810426,63.63965984878426
David Bednar,670280,842,R,FF,96.78248337028825,99.4,0.46318289786223277,CB,6.457007125890736,68.61989534744099
Luis García,472610,965,R,FT,99.05322896281801,102.6,0.4507772020725388,SL,6.601243523316062,67.0661397361824
J. P. Feyereisen,656420,344,R,FF,91.12418300653594,93,0.555232558139535,SL,5.805523255813953,84.35189487058648
Dauri Moreta,664294,613,R,FF,95.85645161290323,99.2,0.4453507340946167,SL,6.246166394779771,79.77828013361716
Anthony Bass,542914,986,R,FT,95.63979933110367,97.8,0.5973630831643002,SL,6.400304259634888,75.44768444595266
Erik Swanson,657024,879,R,FF,93.60497925311203,97.7,0.45164960182025027,SP,6.7468571428571424,80.2548563078051
Emmanuel Clase,661403,921,R,CUT,100.17727272727272,104.4,0.3811074918566775,SL,6.477958740499457,82.930749093625
Ryan Brasier,518489,985,R,FF,96.4271264367816,99.3,0.44263959390862945,SL,6.743045685279188,76.42261153008693
Kyle Finnegan,640448,1053,R,FT,97.44421686746988,100.8,0.2117758784425451,SL,6.5648622981956315,72.57384012342219
Noé Ramirez,598287,837,R,FF,88.84698412698413,91.7,0.6236559139784946,CB,6.025,63.01567516200687
Miguel Castro,612434,515,R,FT,98.1936170212766,100.3,0.6349514563106796,SL,6.573046875,65.15064536328751
Jhoan Duran,661395,1023,R,FF,100.61614173228347,103.4,0.5034213098729228,CB,6.18475073313783,71.82412337888827
Art Warren,605521,655,R,FF,93.72161172161172,98.4,0.583206106870229,SL,6.366870229007634,68.97541162329689
Clay Holmes,605280,976,R,FT,96.30511508951406,101,0.19774590163934427,SL,6.071282051282052,81.7928759265732
Erasmo Ramírez,541640,1222,R,CUT,89.35428571428571,93.5,0.10147299509001637,CB,6.4095823095823095,67.2215515930546
Scott Effross,664123,815,R,FT,89.43623188405797,91.6,0.5484662576687116,SL,5.914233128834356,39.847607082833605
Seth Martinez,661527,592,R,FF,92.6895,95.2,0.42736486486486486,SL,6.850337837837838,63.11343898873018
Zach Jackson,667427,887,R,FF,92.716875,95.9,0.45659526493799324,SL,5.170349492671928,84.73387800848329
Bryan Baker,641329,1181,R,FF,96.43499245852188,100.6,0.17442845046570704,CH,6.494411515664691,84.08748583405018
Joey Krehbiel,607216,977,R,FF,94.07366863905325,96.9,0.3694984646878198,CH,6.2014329580348,75.54055764244939
Joe Barlow,669618,554,R,FF,93.41381578947369,97.1,0.6895306859205776,SL,5.997649186256782,86.82416222899579
John Brebbia,605154,1091,R,FF,94.96388888888889,98.2,0.538038496791934,SL,6.7303391384051325,72.2628574521034
Mauricio Llovera,661440,306,R,FT,95.5236641221374,97.5,0.5555555555555556,SL,6.296732026143791,67.80080325953166
Michael Fulmer,605242,1043,R,FF,94.66100628930818,98,0.7152444870565676,SL,6.480441035474593,68.66583048301024
Cole Sulser,642121,619,R,FF,92.19185667752443,95.4,0.5040387722132472,CH,6.732200647249191,73.56580718965084
Félix Bautista,642585,995,R,FF,99.1472131147541,104,0.38592964824120607,SP,6.4396378269617705,84.39012767006952
Cody Stashak,664054,227,R,FF,89.88378378378378,91.9,0.5110132158590308,SL,5.908810572687225,81.02582494895758
Craig Kimbrel,518886,1077,R,FF,96.44159891598916,99.5,0.3147632311977716,KC,6.690993500464253,58.598010249091985
Diego Castillo,650895,839,R,FT,92.06858237547893,96.5,0.6328963051251489,SL,5.369424460431655,81.89475566964903
Trevor Gott,641627,761,R,CUT,91.22558139534884,94.1,0.11432325886990802,CB,6.095795006570302,59.69489220239238
Joe Smith,501925,450,R,FT,83.54468085106383,86.5,0.2733333333333333,SL,6.548222222222222,50.40038221941566
Dany Jiménez,666204,539,R,FF,93.14019607843137,96.2,0.6159554730983302,SL,5.784786641929499,87.37119740885245
Ryne Stanek,592773,895,R,FF,97.47839388145316,100.7,0.41564245810055866,SP,6.0202234636871506,85.32506274344749
Nick Sandlin,680704,740,R,FT,93.6455,96,0.5216216216216216,SL,6.556891891891892,52.733499826087666
Evan Phillips,623465,923,R,CUT,93.81209677419355,96.3,0.4420368364030336,SL,6.44442036836403,65.73360494454889
Trevor May,543507,465,R,FF,97.22458333333333,99.4,0.47526881720430114,SL,7.04516129032258,77.99406508003891
Hirokazu Sawamura,617228,838,R,FF,95.9482843137255,98.3,0.5119331742243437,SP,6.302625298329356,74.56949531385534
Ryan Thompson,657044,679,R,FT,89.95462962962964,93.4,0.40795287187039764,SL,6.632695139911634,47.36277515578584
Adam Wainwright,425794,3133,R,FT,88.94844649021864,93.3,0.36674114267475266,CB,6.414240102171137,79.91449525351337
Frankie Montas,593423,2327,R,FF,95.47043740573152,98.5,0.4073914911903739,SP,5.923248818220885,79.38519917697015
Elieser Hernández,622694,1095,R,FF,91.43813559322034,94.6,0.49589041095890407,SL,6.568864468864469,70.12586571497094
Hunter Greene,668881,2200,R,FF,98.79788851351351,102.6,0.46181818181818185,SL,6.382863636363636,68.11773212537993
Aaron Nola,605400,3039,R,FF,93.54197044334975,96.9,0.4126357354392892,KC,6.89466929911155,69.0519115477162
Adrian Houser,605288,1848,R,FT,94.32746878547105,97.3,0.3457792207792208,SL,6.57509474824039,79.3576875693209
Yu Darvish,506433,2971,R,CUT,87.26414913957935,94.9,0.30528441602154155,SL,6.616021541568496,68.07989119077637
Lucas Giolito,608337,2753,R,FF,93.49786422578184,96.8,0.523065746458409,CH,6.7988008720930235,77.32424136656427
Dylan Bundy,605164,2180,R,FF,88.22161849710983,92,0.5330275229357798,SL,5.828165137614679,74.43941383031051
Ian Anderson,666120,2005,R,FF,94.89094693028096,97.7,0.5201995012468827,CH,6.903753753753754,75.82673981750509
Tylor Megill,656731,791,R,FF,96.45555555555555,100.9,0.41213653603034134,SL,7.273951715374841,72.06911736518438
Kyle Hendricks,543294,1347,R,FT,85.72572115384615,87.9,0.42538975501113585,CH,5.667780252412769,70.56162937482169
Antonio Senzatela,622608,1521,R,FF,94.28270401948843,98.4,0.41025641025641024,SL,6.014003944773176,70.19177200054541
Aaron Civale,650644,1587,R,CUT,84.55934664246824,89,0.34467548834278516,CB,5.789066496163683,83.15856587803653
Zach Thompson,605507,2080,R,CUT,86.75180375180375,91,0.29375,CB,6.207359307359307,82.36803834163157
Kyle Bradish,680694,1993,R,FF,95.2554678692221,99.2,0.5117912694430506,SL,6.529503261414952,75.44561774465858
José Urquidy,664353,2640,R,FF,92.61515804597701,95.6,0.4242424242424243,CH,5.930795454545454,76.65483982520078
Corey Kluber,446372,2454,R,CUT,86.6027446300716,89.6,0.37571312143439284,CB,6.36760391198044,71.0039776280153
Aaron Sanchez,592717,1006,R,FT,93.16926829268293,96.3,0.3966202783300199,CB,6.802191235059761,73.29447664408733
Spencer Howard,675921,692,R,FF,94.53591954022988,97.7,0.1445086705202312,CB,6.450433526011561,71.62608974566157
Matt Brash,666374,935,R,FF,96.3202380952381,100.1,0.6406417112299465,SL,6.421374865735768,65.86913984821432
Jimmy Herget,623474,996,R,FT,88.09122807017543,90.9,0.6847389558232932,SL,5.034337349397591,64.82106620955408
Albert Abreu,656061,707,R,FT,99.04198250728862,102,0.39321074964639324,SL,6.557284299858558,71.93266106952247
Tanner Houck,656557,918,R,FT,94.26580882352941,97.6,0.46840958605664484,SL,6.214923747276688,61.270860688582374
Luis Frías,666818,356,R,FF,96.07297297297298,100.4,0.3764044943820225,SL,6.236901408450704,78.82899326621825
Beau Sulser,676641,360,R,CUT,88.45121951219512,91.6,0.4,CH,6.418333333333333,73.60216468618765
Nick Nelson,656793,1204,R,FF,95.96324951644101,98.5,0.5705980066445182,CH,6.218853820598007,67.91577517058084
Jeff Hoffman,656546,848,R,FF,94.34113636363637,97.6,0.47995283018867924,CH,6.458747044917257,67.87841138373288
Wily Peralta,503449,694,R,FF,94.4628272251309,97,0.5057636887608069,SL,5.750649350649351,80.43983309345151
Matt Festa,670036,897,R,FF,92.82835051546392,95.2,0.5652173913043478,SL,6.338015607580825,67.44851252776076
Julian Merryweather,657240,417,R,FF,97.59953488372093,100.6,0.4844124700239808,SL,6.567146282973621,74.92472310829535
Drew Smith,622098,780,R,FF,94.82542787286063,97.7,0.47435897435897434,SL,5.912580231065468,70.00190432622225
Cody Poteet,547001,448,R,FF,94.14033613445378,96.9,0.625,CH,5.816331096196868,75.22652529170355
Austin Voth,608723,1762,R,FF,93.11652892561983,96.5,0.3706015891032917,CB,6.189267461669506,65.55988421418353
Ryan Burr,621114,149,R,FF,95.61369863013698,97.2,0.06040268456375839,SL,6.801342281879195,77.16665458124284
Phoenix Sanders,676637,215,R,FF,88.63454545454546,90.2,0.7441860465116279,SL,5.981220657276995,78.13368772522924
Phil Maton,664208,1089,R,FF,92.60765957446809,95.1,0.49678604224058764,CB,7.1171717171717175,73.60997539104252
Will Vest,676684,1083,R,FF,94.73498349834983,97.6,0.4376731301939058,SL,6.120590951061865,66.87273377233058
Jandel Gustave,594311,466,R,FT,94.96,97.7,0.3648068669527897,SL,5.8343347639484975,73.36236591869704
Dylan Coleman,669395,1205,R,FF,98.18613569321533,101.4,0.42489626556016596,SL,6.581078838174274,70.3915231498597
Luis Cessa,570666,1234,R,FT,91.65185185185184,95.5,0.5810372771474879,SL,5.666311475409836,80.82176813215898
Austin Warren,681810,266,R,FF,93.62682926829268,95.9,0.462406015037594,SL,6.37218045112782,70.69630227144567
Robert Suarez,663158,801,R,FF,98.56991404011461,102.6,0.2546816479400749,CH,6.765667915106118,76.66675706389614
Collin Snider,676092,583,R,FT,95.26325088339223,98.5,0.5128644939965695,SL,6.049571183533447,64.93110083879006
Wyatt Mills,670090,503,R,FF,92.481592039801,95.9,0.37773359840954274,SL,6.749304174950298,42.96981013270437
Chad Green,643338,241,R,FF,94.96776315789474,97.3,0.36514522821576767,CB,6.666390041493776,74.1215114957703
Bryan Abreu,650556,1019,R,FF,97.299128540305,100.9,0.5456329735034348,SL,6.442100098135427,70.48183470196146
Mark Leiter,643410,1086,R,FT,91.67380952380952,94.4,0.4438305709023941,CH,6.624217311233886,76.93936505184624
Penn Murfee,682171,1003,R,FF,89.16456310679612,91.9,0.5104685942173479,SL,6.3427716849451645,46.85503872350293
Garrett Richards,572070,708,R,FF,93.94431818181818,96,0.7471751412429379,SL,5.9748587570621465,68.03342166938643
Paolo Espino,502179,1873,R,FF,88.83203559510568,91.7,0.5200213561131874,CB,6.487346502936465,74.15983423240233
Enyel De Los Santos,660853,845,R,FF,93.23131115459883,97.2,0.3952662721893491,SL,6.019591346153846,69.74105692454303
Alex Lange,656638,1046,R,FT,96.34463087248322,99.4,0.6826003824091778,CB,6.437762906309751,65.55643022368103
Trevor Richards,670950,1163,R,FF,93.46328125,95.6,0.5597592433361995,CH,6.405760963026656,69.47074482559637
Tyler Beede,595881,1072,R,FF,96.09488188976378,99.6,0.5317164179104478,CH,6.50625,71.12942699149588
Nick Wittgren,621295,481,R,FF,92.28571428571429,94.4,0.3388773388773389,CH,6.863409563409563,67.94429978962458
Domingo Acevedo,642758,1005,R,FF,91.9193853427896,94.4,0.5671641791044777,SL,5.780597014925373,69.913638422912
Alex Colomé,517008,803,R,CUT,90.77802359882006,94.1,0,CH,6.167496886674969,77.32689477656403
Kenley Jansen,445276,1006,R,CUT,92.5533950617284,97.9,0.1312127236580517,SL,6.9133000000000004,79.96244691085455
Trent Thornton,663423,664,R,FF,93.5768953068592,96.6,0.5391566265060241,SL,6.081626506024096,76.88987530172932
Shawn Armstrong,542888,1047,R,FT,95.99222520107239,99,0.06685768863419293,SL,6.608882521489972,71.2372074766465
Trevor Stephan,663986,1032,R,FF,96.0572301425662,99.7,0.5242248062015504,SP,6.564516129032258,72.36593300276684
Kervin Castro,665645,239,R,FF,75.92576687116565,96.4,0.24686192468619247,CB,6.872549019607844,79.01861647856265
Matt Foster,641582,768,R,FF,93.42625,96.6,0.47395833333333337,SL,6.136458333333334,79.13874199433593
Hansel Robles,570663,422,R,FF,95.82809523809524,98.6,0.495260663507109,SL,6.2672985781990525,79.56107198465712
Yunior Marte,628708,856,R,FT,96.73973941368078,99.1,0.3808411214953271,SL,6.253621495327103,74.61305895791862
Justin Grimm,518748,277,R,FF,93.37280701754386,95.6,0.5884476534296029,SL,6.836823104693141,71.80618065098099
Ethan Roberts,681799,177,R,CUT,93.59663865546219,95.9,0.3220338983050847,SL,6.263276836158192,64.71832560959783
Ryan Tepera,572193,892,R,FF,92.55425531914894,95.1,0.5168161434977578,SL,6.367264573991031,70.67359453701864
Brusdar Graterol,660813,675,R,FT,99.10590277777777,101.9,0.1925925925925926,SL,5.852740740740741,75.08125026133568
Heath Hembree,592390,396,R,FF,94.65776699029126,97.7,0.4797979797979798,SL,6.606060606060606,80.73596543862998
David Phelps,475479,1151,R,FF,91.23115727002967,93.5,0.33883579496090355,KC,5.2764552562988705,68.55418583320164
Hector Neris,593576,1012,R,FF,93.72843373493976,96.4,0.37450592885375494,SP,6.209189723320158,73.50518711089275
Raisel Iglesias,628452,979,R,FF,94.6928338762215,98.3,0.5005107252298263,SL,6.179060265577119,70.3115855566044
Ashton Goudeau,623485,375,R,FF,92.71699029126214,96.1,0.45066666666666666,CB,6.370933333333333,71.4173110643686
Craig Stammen,489334,701,R,FT,92.24444444444444,94.8,0.2339514978601997,SL,6.780171184022825,66.43221882941846
Phil Bickford,641360,990,R,FF,95.06760772659733,98.3,0.3191919191919192,SL,6.818585858585859,63.87689932041917
Jhoulys Chacín,468504,786,R,FT,92.58042704626334,95.2,0.5534351145038168,SL,5.922010178117048,80.63344326448217
Alexis Díaz,664747,1056,R,FF,95.68155197657394,102.1,0.353219696969697,SL,7.470301850048686,68.27302670962894
Andre Pallante,669467,1753,R,FF,95.512277019937045,99.2,0.3645179691956646,SL,6.5731958762886595,71.94122895288635
Steve Cishek,518553,1175,R,FT,91.86708860759494,95,0.37531914893617024,SL,7.602127659574468,51.71301651735189
Kodi Whitley,676831,272,R,FF,93.41492537313432,97.6,0.5073529411764706,CH,6.402941176470589,84.87759004081508
Chris Flexen,623167,2204,R,FF,90.90768348623853,94.4,0.27994555353901995,CH,5.98047229791099,82.75975208664009
Michael Kopech,656629,2011,R,FF,95.13223207091056,100.3,0.38239681750372945,SL,6.611609367214748,69.33591410457886
Zack Wheeler,554430,2358,R,FF,97.59979736575481,100.7,0.405852417302799,SL,7.226505513146734,73.35523057963847
Justin Verlander,434378,2607,R,FF,94.1857794676806,99.6,0.49558879938626776,SL,6.070951650038373,76.97849384773093
Tyler Mahle,641816,2101,R,FF,93.68238007380074,98.2,0.3545930509281295,SP,6.595573536411233,71.04130701958077
Alek Manoah,666201,2949,R,FF,94.30189035916824,98.3,0.38284164123431674,SL,6.6614654002713705,68.07491786937005
Freddy Peralta,642547,1353,R,FF,93.70013458950201,99,0.450849963045085,SL,7.0679970436068,63.03379005847859
Cal Quantrill,615698,2920,R,FT,93.86019711902956,97.9,0.16095890410958905,CH,6.359554794520548,78.68377179841961
Brad Keller,641745,2275,R,FF,94.38865336658354,98,0.4114285714285714,SL,5.952615384615385,76.68942013785603
Dakota Hudson,641712,2253,R,FT,92.26570351758794,95.4,0.4442964935641367,SL,6.298934753661785,73.29421625142677
Kyle Wright,657140,2697,R,FT,94.80387596899224,98.7,0.5672969966629589,CB,6.535658627087199,72.12774130003594
Nick Martinez,607259,1720,R,FF,92.56,95.7,0.4145348837209303,CH,5.929883720930232,73.2365826148806
Jameson Taillon,592791,2801,R,FF,94.48398398398399,98.1,0.42092109960728313,SL,6.57012151536812,76.82204350236115
Corbin Martin,656686,429,R,FF,93.81744680851064,96.5,0.4522144522144522,CB,6.284848484848485,70.32495011371688
Bailey Ober,641927,854,R,FF,92.57565632458234,95.4,0.509367681498829,SL,6.998126463700234,73.10690688719156
Garrett Whitlock,676477,1165,R,FT,96.93169319826339,99.6,0.37768240343347637,CH,7.251416309012876,74.08386024279203
Mike Baumann,657508,580,R,FF,95.60394265232975,98.7,0.5189655172413794,SL,6.444905008635579,74.63301443804939
Griffin Jax,643377,1157,R,FF,94.66974358974359,97.2,0.6629213483146068,SL,5.8720829732065685,81.40860202289467
Aaron Brooks,605156,154,R,FT,92.43846153846154,94.7,0.512987012987013,CH,6.21038961038961,66.60272951942856
Miguel Yajure,664337,471,R,FF,92.44545454545454,95.2,0.554140127388535,CB,6.073460721868365,77.06200012077706
Tony Santillan,663574,408,R,FF,95.5529702970297,98.2,0.5049019607843137,SL,5.989950980392157,66.42113226000427
Taylor Widener,642203,329,R,FF,94.34394618834081,98,0.3161094224924012,SL,6.630395136778115,63.94519174586215
Hunter Strickland,519326,1082,R,FF,93.4508256880734,97.2,0.422365988909427,SL,6.020131086142322,62.32910158413084
Humberto Castellanos,528748,748,R,FT,89.64876033057851,93.2,0.5775401069518716,SL,6.024732620320855,67.40569027184677
Ron Marinaccio,676760,757,R,FF,94.81671641791044,97.3,0.5574636723910171,CH,6.663408190224571,59.2385083071767
Andrew Bellatti,571479,963,R,FF,93.35192802056555,95.5,0.5960539979231568,SL,5.874766355140187,73.81519479530829
José Ruiz,614179,1115,R,FF,96.16146616541353,99,0.5210762331838565,CB,5.890672645739911,75.87666131833215
John Schreiber,670167,1020,R,FF,95.06644295302013,98.2,0.4519607843137255,SL,6.552843137254902,53.86234326507699
Jacob Barnes,606930,361,R,FF,95.87167630057803,99.9,0.09695290858725762,SL,6.746260387811635,71.58892819560783
Tyler Kinley,641755,376,R,FF,94.3907514450867,97.3,0.5265957446808511,SL,5.573936170212766,82.52181973173239
Josh Staumont,622251,731,R,FF,96.5662198391421,101,0.3488372093023256,CB,6.6083561643835615,83.56728869791935
Nabil Crismatt,622503,1062,R,FF,91.82459677419355,95.5,0.7090395480225989,CH,7.092278719397363,66.57958194413038
Víctor Arano,644364,678,R,FT,93.50136054421769,96.5,0.4690265486725664,SL,6.211669128508124,71.36142677672356
Rafael Montero,606160,1093,R,FF,95.87168674698795,98.9,0.31564501372369624,CH,6.131015553522415,73.93125838940318
Scott Barlow,605130,1198,R,FF,94.82083333333334,98.2,0.7570951585976627,SL,6.798747913188648,68.7413341970776
Matt Bush,456713,909,R,FF,96.93963963963964,99.2,0.35203520352035206,CB,6.22992299229923,79.80285267703248
Devin Williams,642207,1068,R,FF,95.97741935483872,99.5,0.5805243445692884,CH,7.426685393258427,69.71698747266808
Bryan Shaw,543766,969,R,CUT,92.47289972899729,97.3,0.17337461300309598,CB,5.833023735810113,65.34260707074095
Justin Lawrence,664875,763,R,FT,94.88909952606635,99.1,0.44692005242463956,SL,6.059633027522936,57.289187593100905
Jason Adam,592094,942,R,FF,95.28245033112583,98.5,0.6794055201698513,SL,6.5503184713375795,74.3553440310591
Archie Bradley,605151,305,R,FT,93.69101123595506,96.1,0.42950819672131146,KC,6.625573770491803,73.83754100643068
Buck Farmer,571656,838,R,FF,92.75909090909092,96.5,0.5536992840095466,SL,6.058142340168878,76.5682017898912
Jonathan Loáisiga,642528,761,R,FT,98.37116182572615,100.9,0.35216819973718794,CB,6.5159001314060445,71.12873382035653
Jordan Romano,605447,989,R,FF,98.6331223628692,102,0.5176946410515673,SL,7.313953488372093,72.53042991231342
Chris Martin,455119,856,R,FF,95.62967032967033,98.3,0.16939252336448596,SP,6.4876023391812865,64.47164319825558
Brad Boxberger,502202,1090,R,FF,91.52520868113523,94.3,0.45045871559633033,CH,5.61788990825688,76.11318030679486
Dylan Cease,656302,3120,R,FF,96.32127316680096,99.6,0.5923076923076923,SL,6.053461538461538,77.22847819044377
Michael Wacha,608379,1949,R,FF,93.4791601866252,97.3,0.3719856336582863,CH,6.600359158542842,78.43204676031094
Zac Gallen,668678,2935,R,FF,94.3929836995039,97.3,0.3706984667802385,KC,6.570630323679727,64.02449423387075
Joe Ryan,657746,2391,R,FF,92.14975609756098,96.5,0.39941447093266413,SL,6.293224592220828,64.2712007305977
Erick Fedde,607200,2420,R,FT,93.33845360824742,97,0.3231404958677686,CB,6.60702479338843,73.60641933166131
Cristian Javier,664299,2554,R,FF,93.08836601307189,96.4,0.4009397024275646,SL,5.976233359436178,73.78210767946906
Paul Blackburn,621112,1762,R,FT,91.91735537190083,94.2,0.34903518728717364,CB,6.285300794551646,73.6148785623419
Ryan Feltner,663372,1675,R,FF,95.15566835871404,98.7,0.44537313432835823,SL,6.41044776119403,69.6332506709167
Vladimir Gutiérrez,661269,684,R,FF,92.93323529411765,97.2,0.5029239766081871,SL,6.409941520467837,66.58983900663364
Ross Stripling,548389,2033,R,FF,91.32905109489052,96,0.58780127889818,CH,5.959498031496063,81.56897104874695
Zack Greinke,425844,2272,R,FF,88.81815028901734,92.7,0.45202464788732394,CB,5.903653169014085,74.55245046413697
Drew Rasmussen,656876,2239,R,FF,95.67823899371069,98,0.2782492184010719,SL,6.483742742295668,72.4674024180943
Carlos Carrasco,471911,2412,R,FF,93.22659574468085,96,0.5315091210613598,CH,6.304560530679933,76.73941822177423
Zach Plesac,668676,2150,R,FF,91.67100656455142,95,0.5711627906976744,SL,6.108511627906977,87.29428594582002
Pablo López,641154,2910,R,FF,94.54721977052074,98.6,0.4336769759450172,CH,6.882524939800482,68.69707030212422
Tyler Wells,669330,1649,R,FF,93.45466472303207,96.3,0.5839902971497877,SL,6.348999393571861,80.89133618702327
Charlie Morton,450203,2903,R,FF,94.48478260869565,98.6,0.4660695831898036,CB,6.192445670921007,66.50900704574482
Glenn Otto,657248,2229,R,FT,92.93281786941581,96.5,0.5056078959174517,SL,6.788604755495738,73.84155902604621
Michael Pineda,501381,731,R,FF,89.78406466512702,92.7,0.4076607387140903,SL,6.1820793433652534,70.86652774491188
Bryse Wilson,669060,1825,R,FT,92.56424957841485,95.3,0.43506849315068497,SL,6.512602739726027,71.6330031873652
Shohei Ohtani,660271,2629,R,FF,98.17641379310345,102.6,0.596804868771396,SL,6.7829973373906425,68.47013749690282
Jakob Junis,596001,1802,R,FT,91.39653379549394,94.4,0.6642619311875695,SL,5.807769145394007,72.06588882531658
Keegan Thompson,624522,1878,R,FF,88.9917139614075,96.5,0.2657082002129926,CB,6.225719026548672,75.8170328645132
Yohan Ramirez,670990,620,R,FT,96.58612716763005,99.9,0.3225806451612903,SL,6.94983870967742,61.69397288182661
Collin McHugh,543521,1086,R,CUT,89.65406976744185,92.4,0.5064456721915286,SL,6.565990783410138,66.59922679793726
Mike King,650633,767,R,FT,95.19964912280702,99.1,0.40156453715775753,SL,6.2887874837027375,66.1869440580025
Mychal Givens,571710,1021,R,FF,93.71463878326996,97.3,0.4848188050930461,SL,6.272200392927308,58.85647275855568
Robert Stephenson,596112,914,R,FF,96.83867276887872,100,0.5218818380743983,SL,6.076148796498906,78.83257855819065
Jake Woodford,663765,697,R,FT,92.40977443609023,95.2,0.40459110473457677,SL,6.467288378766141,65.21963110181981
Dinelson Lamet,659275,583,R,FF,95.04264150943396,98.6,0.5403087478559176,SL,5.925557461406518,76.03865939167513
Tanner Rainey,663432,521,R,FF,96.85613079019073,107.7,0.29558541266794625,SL,6.413102119460501,65.034622540191
Andrew Kittredge,552640,233,R,FT,95.1,97.7,0.40772532188841204,SL,6.47725321888412,79.41077200622796
Chase De Jong,608328,1174,R,FF,92.18574040219379,94.8,0.5315161839863713,SL,5.9170357751277685,81.43527760742678
Drew Steckenrider,608716,286,R,FF,93.45806451612903,96.1,0.34965034965034963,CH,6.027272727272727,80.85603104322888
Jesse Chavez,445926,1202,R,CUT,89.221875,91.6,0.14559068219633942,CH,6.197504159733777,71.59266451561166
Carlos Estévez,608032,1021,R,FF,97.69708333333334,101.7,0.2938295788442703,SL,6.276689520078355,70.985777389452565
Yoan López,661255,195,R,FF,96.8629213483146,100.5,0.5435897435897437,SL,6.83041237113402,75.46422873681878
Andrew Wantz,681806,831,R,FF,93.65328467153284,96.2,0.34055354993983156,SL,6.123586040914561,73.29450227407969
Drew Hutchison,571800,1759,R,FF,91.9591724137931,95.2,0.47356452529846504,SL,5.979420125071063,66.47786033969508
Oliver Ortega,661383,567,R,FF,95.10897832817338,97.7,0.3932980599647266,CB,5.832980599647266,75.75029106112524
Tyler Rogers,643511,1166,R,FF,82.01768595041322,85.3,0.46054888507718694,SL,5.95725321888412,16.247777415847622
Daniel Bard,453268,953,R,FT,97.72233400402415,100.2,0.4501573976915005,SL,5.954459601259182,72.03673671750553
Travis Lakins,664042,208,R,FF,93.61585365853658,95.2,0.40865384615384615,SL,5.954807692307693,74.069597679772
Rowan Wick,592858,1132,R,FF,95.41806656101426,98.7,0.2676678445229682,KC,6.647703180212014,74.93562391058714
William Woods,682016,31,R,FF,95.68571428571428,97.9,0.3225806451612903,SL,6.687096774193549,65.57151337817871
Tyler Danish,641501,664,R,FT,89.30661157024794,91.6,0.5602409638554217,CB,5.330572289156627,65.84348851662479
Daniel Hudson,543339,406,R,FF,96.7,98.2,0.45320197044334976,SL,6.360837438423645,63.14798975463523
Mike Mayers,594577,890,R,FF,93.16943765281174,95.9,0.449438202247191,SL,6.121460674157303,69.77817533957345
Mark Melancon,453343,886,R,CUT,90.78021582733813,93.5,0.3419864559819413,KC,6.307223476297969,68.7206208397092
Dillon Tate,622253,1077,R,FT,94.27661141804788,99.3,0.4874651810584958,SL,6.411513463324049,70.35766595530635
Ryan Helsley,664854,962,R,FF,100.2010989010989,104.4,0.4303534303534303,SL,6.648648648648648,85.72690367025977
Seranthony Domínguez,622554,823,R,FF,97.46428571428571,100.5,0.29404617253948967,SL,6.248481166464155,68.67440970497796
Logan Gilbert,669302,3015,R,FF,98.08917589175891,102.5,0.4470978441127695,SL,7.32318407960199,80.15229483977095
Nick Pivetta,601713,3082,R,FF,94.01539440203562,97.5,0.4899415963659961,KC,6.7035042180402336,77.15371558484652
Josiah Gray,680686,2597,R,FF,92.72426326129666,96,0.5710435117443204,SL,5.534891808346213,72.45479789238225
Sandy Alcantara,645261,3248,R,FF,96.86344743276284,100.7,0.5,CH,5.899198025909932,70.79652462829546
Chris Bassitt,605135,2886,R,FT,92.55077720207254,96,0.3624393624393625,SL,6.210436893203884,77.88565467288431
Jordan Lyles,543475,2988,R,FF,92.59029535864978,95.6,0.48092369477911645,SL,6.769109772423025,74.44245648984653
Zach Eflin,621107,1194,R,FT,93.34642857142858,96.1,0.2981574539363484,CB,6.681909547738694,64.43078345905043
Brandon Woodruff,605540,2538,R,FF,96.528,99.7,0.4011032308904649,CH,6.597239747634069,77.93710096131328
Kevin Gausman,592332,2783,R,FF,94.85917464996315,99.2,0.5120373697448797,SP,6.426949335249731,68.52259334916756
Marcus Stroman,573186,2181,R,FT,91.5041095890411,93.8,0.38331040806969285,SL,5.7716185236130215,78.52439585667521
Chris Paddack,663978,367,R,FF,93.59947368421052,97.1,0.4822888283378747,CH,6.764577656675749,68.08162242173354
Triston McKenzie,663474,2807,R,FF,93.06,97.4,0.44068400427502674,SL,6.689835948644793,73.12288531868488
Joe Musgrove,605397,2834,R,FF,92.52367647058824,95.3,0.4978828510938603,SL,6.007233592095977,76.46361519440616
Jake Odorizzi,543606,1798,R,FF,91.65641304347827,94.7,0.2775305895439377,SP,6.129143492769744,80.55465015834807
Zach Davies,605200,2292,R,FT,88.98159806295399,92.7,0.40095986038394416,CH,6.012260034904014,75.03299402592651
Germán Márquez,608566,2839,R,FF,94.39811320754717,98.8,0.45966889749911943,KC,5.525361042620641,69.5575037956333
Luis Severino,622663,1622,R,FF,95.86435897435898,100,0.43464858199753387,CH,6.254506172839506,75.40098327766576
Daulton Jefferies,641726,611,R,FT,91.76428571428572,95,0.33551554828150576,CH,5.910819672131147,65.58454244445913
Mitch Keller,656605,2659,R,FF,95.53163265306122,100,0.44828883038736367,SL,6.329409552463332,72.68344434316586
Tony Gonsolin,664062,2013,R,FF,92.54421855146124,96.1,0.6090412319920517,SP,5.983109786388475,81.49945457825878
Matt Koch,571863,72,R,CUT,88.68518518518519,90.6,0.3194444444444444,SL,6.227777777777778,66.50373760200682
José Ureña,570632,1622,R,FT,95.83416370106761,98.3,0.406905055487053,SL,6.250678175092478,73.0644901368319
Brady Singer,663903,2375,R,FT,94.59270588235294,98,0.45684210526315794,SL,6.659123472397809,74.37746396257116
Jordan Hicks,663855,1051,R,FT,99.85737226277372,104.7,0.3425309229305423,SL,6.565651760228354,69.83657066083217
Kyle Crick,605195,279,R,FT,92.25794392523365,94.1,0.5734767025089605,SL,6.194982078853046,73.78786559448761
Reynaldo López,625643,985,R,FF,97.16273062730627,100.9,0.449746192893401,SL,6.374010152284264,74.61481975255576
Andrés Muñoz,662253,1024,R,FF,100.25939226519337,103.7,0.646484375,SL,6.44267578125,69.30072613993582
Emilio Pagán,641941,1126,R,FF,96.23127147766323,99.1,0.2912966252220249,SP,6.719893428063943,73.2904563906339
Jacob Lemoine,621082,298,R,FT,91.63976608187134,94,0.3221476510067114,SL,5.513087248322147,80.07415863194426
Tyler Duffey,608648,741,R,FF,92.38560885608857,95.6,0.4642375168690958,KC,6.346693657219973,66.26223210986919
Yimi García,554340,1039,R,FF,93.88915401301519,97.9,0.41578440808469685,SL,5.728970163618865,62.21974286240285
J. B. Wendelken,605525,488,R,FF,94.74429824561403,97.1,0.39754098360655743,SL,6.189959016393443,68.63050680097857
Edwin Díaz,621242,928,R,FF,100.36485788113696,103.9,0.5808189655172413,SL,7.194468546637744,66.090395771258585
Taylor Clarke,664199,859,R,FF,95.37884615384615,97.6,0.5762514551804423,SL,6.125611175785798,80.03215912745226
Corbin Burnes,669203,3274,R,CUT,95.4097520661157,98.9,0.37416004886988397,CB,6.382854523227384,84.27284927458815
Walker Buehler,621111,1046,R,FF,95.56201117318436,98.6,0.3632887189292543,KC,6.482982791586998,80.32582953659322
Max Scherzer,453286,2167,R,FF,93.29623601220753,96.9,0.45223811721273655,SL,6.191030975496995,59.56671541879075
Michael Lorenzen,547179,1654,R,FF,93.70407608695652,96.3,0.45042321644498184,CH,5.871946795646917,71.09175697119575
Giovanny Gallegos,606149,988,R,FF,93.0490486257928,95.4,0.521255060728745,SL,5.753846153846154,75.51464525889487
Dominic Leone,608678,826,R,FF,95.9760655737705,98.9,0.35714285714285715,SL,6.57360774818402,68.02842290094918
Camilo Doval,666808,1121,R,CUT,100.40879765395894,105,0.4362176628010705,SL,6.57743086529884,71.19590528220179
Zack Littell,641793,758,R,FF,94.81484375,97.7,0.49340369393139843,SL,6.422163588390501,72.18710097208613
Ronel Blanco,669854,120,R,FF,96.33454545454545,99.3,0.5416666666666666,SL,6.921666666666667,79.98942930560617
Adam Cimber,643256,1044,R,FF,86.30575342465754,89.4,0.35344827586206895,SL,6.400095785440613,26.738096516868524
Josh Winder,680739,1114,R,FF,92.97244444444445,95.6,0.5960502692998204,SL,5.669569120287253,83.3865183195006
Pedro Avila,658648,70,R,FF,92.53703703703704,94.6,0.5142857142857142,CH,6.18,77.61907085675017
Rony García,665621,884,R,FF,92.63746835443038,96.4,0.4264705882352941,CB,6.248303167420814,57.678779399567034
Tyler Thornburg,592804,362,R,FF,92.94619047619048,95.8,0.4198895027624309,CB,6.318836565096953,75.12507212524461
Chris Ellis,595939,83,R,FF,92.3078947368421,93.5,0.5421686746987953,SL,6.208433734939759,74.32454860765644
Edwin Uceta,670955,292,R,FT,92.81835443037974,95,0.4486301369863014,CH,6.060616438356164,71.69039569575699
Jackson Stephens,623451,944,R,FF,93.31797101449276,95.6,0.41949152542372886,CB,5.70593220338983,80.77285011817649
David Robertson,502085,1054,R,CUT,93.76703910614525,97.4,0.49051233396584437,KC,6.655123339658444,66.05023192124933
Louis Head,545343,546,R,FF,92.7662100456621,95.6,0.5989010989010989,SL,6.155963302752293,66.53246014552404
Dennis Santana,642701,991,R,FT,95.9119170984456,99.5,0.5378405650857719,SL,5.98678102926337,67.70768587697596
Seth Lugo,607625,1079,R,FF,93.77403846153847,97.8,0.4921223354958295,CB,5.865060240963856,80.6006501362183
Phillips Valdez,570488,287,R,FT,94.71860465116279,97.3,0.5505226480836237,CH,6.892334494773519,66.58801961176461
Darren O'Day,503285,385,R,FF,86.71607142857142,88.9,0.4779220779220779,SL,6.624415584415584,52.94165368165079
Noah Syndergaard,592789,2025,R,FT,94.13582554517134,97,0.5338271604938272,SL,6.679506172839506,82.79921319966498
Trevor Williams,592866,1407,R,FF,91.97590847913862,95,0.3461265103056148,CH,6.725657427149964,64.96405509167307
Angel De Jesus,669804,192,R,FT,95.71603773584906,98.8,0.44791666666666663,SL,7.26875,66.78572832393488
Kutter Crawford,676710,1296,R,FF,94.01162324649299,96.8,0.3001543209876543,CB,6.1419753086419755,71.86051489748463
Adonis Medina,658431,414,R,FT,92.57560975609756,94.9,0.5241545893719807,SL,5.927777777777778,65.24426858036382
Mitch White,669952,1715,R,FF,93.63372395833333,96.3,0.482798833819242,SL,6.260874635568513,74.54660221098855
Adam Oller,670124,1294,R,FF,93.13109048723898,96.5,0.3207109737248841,CH,6.255255023183926,72.078244120378
Eli Morgan,669212,1017,R,FF,90.28321428571428,95.4,0.4454277286135694,CH,6.121656686626746,86.31509510963801
Ryan Castellani,624418,45,R,FT,93.61666666666666,95.3,0.5111111111111111,SL,6.404444444444445,66.46129544444545
Patrick Murphy,641907,142,R,FF,96.46666666666667,98.5,0.30985915492957744,CB,6.622535211267605,73.76102543869412
Anthony DeSclafani,543101,329,R,FT,92.79052631578948,96.1,0.574468085106383,SL,6.622188449848024,73.61145887970396
Drew VerHagen,572403,419,R,FT,94.23564356435644,96.4,0.5107398568019093,SL,6.046300715990453,79.6797044783286
Spencer Patton,607359,111,R,FF,92.08148148148149,94,0.5135135135135135,SL,6.237837837837838,70.08378634847767
Jimmy Lambert,669424,817,R,FF,92.36071428571428,97.2,0.5544675642594858,SL,5.782635467980295,79.54944672729866
Pierce Johnson,572955,280,R,FF,93.74351851851851,96.3,0.6142857142857143,CB,5.765714285714286,72.29350322640387
Hunter Harvey,640451,661,R,FF,97.89528487229863,100.6,0.22087745839636913,SP,6.106959152798789,73.69873344533246
Jason Foley,671345,961,R,FT,96.57448630136986,99.8,0.30385015608740895,SL,6.508116545265349,70.26839247879043
Jon Gray,592351,2062,R,FF,96.1475047984645,100,0.49466537342386036,SL,6.470562560620756,70.98101075843836
Alex Cobb,502171,2418,R,FT,94.18592519685039,96.5,0.5785773366418527,SP,5.868238213399504,71.59891198890588
Roansy Contreras,672710,1588,R,FF,95.80363164721142,99.1,0.5144836272040302,SL,6.379974811083123,81.4058168829156
Clarke Schmidt,657376,928,R,FT,94.39483568075117,96.9,0.6099137931034482,SL,6.005177993527508,76.9683757483513
Jhon Romero,664584,90,R,FF,93.03673469387755,95.2,0.45555555555555555,SL,5.883333333333334,69.37232221820678
Matt Peacock,676840,149,R,FT,91.01264367816091,93.8,0.4161073825503356,SL,5.301342281879195,75.97861334363003
Ryan Hendrix,641682,143,R,FT,92.37222222222222,95.7,0.5174825174825175,SL,5.8657342657342655,75.87494481256371
Sean Poppen,664092,439,R,FT,94.52637362637363,96.4,0.37813211845102507,SL,6.249886104783599,71.32403117639171
Pedro Báez,520980,73,R,FF,89.675,92.5,0.5616438356164384,CH,6.269014084507043,85.82600211007886
Paul Sewald,623149,974,R,FF,92.75129740518962,96.1,0.4856262833675565,SL,6.501540041067762,50.51658263302116
Huascar Ynoa,660623,147,R,FF,95.51818181818182,97.4,0.46938775510204084,SL,5.90204081632653,79.26899551409363
Marcos Diplán,650959,122,R,FF,94.17936507936508,96.6,0.48360655737704916,SL,6.895081967213115,78.50916798429931
Chris Mazza,607391,135,R,CUT,84.93111111111111,86.9,0.3703703703703704,SL,6.911851851851852,65.20992236761433
Anthony Castro,621593,260,R,FF,95.80194174757281,98.4,0.5076923076923077,SL,6.738846153846154,60.46421976481483
Tommy Romero,676720,191,R,FF,90.91214953271029,93.9,0.4397905759162304,SL,6.760732984293194,84.61263343276927
Nicklaus Snyder,676766,33,R,FF,96.13333333333334,98,0.36363636363636365,SL,5.987878787878788,71.73456482305507
Matt Manning,666159,990,R,FF,94.50628683693516,98.6,0.4101010101010101,SL,6.86835187057634,71.72125071580545
Daniel Duarte,650960,77,R,FF,95.4375,97,0.48051948051948057,SL,6.150649350649351,80.21303989893039
Sonny Gray,543243,1872,R,FF,92.62230623818526,95.2,0.36698717948717946,CB,6.457318376068376,80.45806778818846
Lou Trivino,642152,955,R,FT,95.92296819787985,98.6,0.3675392670157068,SL,6.361989528795812,74.96713683004361
Greg Holland,518813,80,R,FF,92.8,94.8,0.7,SL,5.87375,87.59198248225154
Josh Sborz,622250,419,R,FF,96.1447004608295,99.4,0.4821002386634845,SL,5.971360381861575,81.63066993925678
Casey Mize,663554,169,R,FF,94.44939759036144,97.1,0.49112426035502954,SL,6.975739644970414,70.46309879289329
Blake Treinen,595014,69,R,FT,95.18181818181819,96.4,0.2753623188405797,SL,5.530434782608696,63.22267817999679
Dereck Rodríguez,605446,99,R,FF,92.08157894736843,94.1,0.26262626262626265,CB,6.444444444444445,80.46359269531996
Ryan Pressly,519151,711,R,FF,94.37974137931035,97.5,0.6736990154711673,SL,6.141490857946554,87.07826660981647
Connor Brogdon,641401,710,R,FF,96.11850220264317,98.3,0.4323943661971831,CH,7.041549295774648,65.88368559196654
Dusten Knight,643400,192,R,CUT,85.82622950819672,89.1,0.4739583333333333,CH,6.422916666666667,88.54169598256792
Ralph Garza,621248,514,R,FT,87.16666666666667,89.6,0.44163424124513617,SL,6.144747081712063,69.75730296078639
Jharel Cotton,605194,741,R,FF,91.1287009063444,94.5,0.553306342780027,CH,5.442645074224021,77.55191627253652
Austin Adams,613534,48,R,FF,91.67,92.7,0.7916666666666666,SL,5.910416666666666,57.51545005568373
Sergio Romo,489265,335,R,FT,85.16727272727273,86.5,0.6358208955223881,SL,6.398208955223881,59.64973012752982
Luis Patiño,672715,388,R,FF,95.13588235294118,98.2,0.42783505154639173,SL,6.708762886597938,72.34088041046328
Jackson Kowar,663804,311,R,FF,95.61103448275863,98.8,0.5337620578778135,CH,6.243086816720258,75.74836775669344
Elvin Rodriguez,660730,534,R,FF,93.16156583629893,95.7,0.4606741573033708,SL,6.53314606741573,70.29120785956948
Jorge Alcala,660896,40,R,FF,92.78571428571429,94.4,0.675,SL,5.7075,68.04997137323447
Mason Thompson,666168,368,R,FT,96.44402985074626,98.6,0.25271739130434784,SL,6.686684782608696,69.98708513437386
Luke Weaver,596133,721,R,FF,91.21906976744187,96.6,0.3855755894590846,CH,5.733285917496444,75.239953109558
Duane Underwood,621249,1004,R,CUT,92.63136531365313,96.5,0.351593625498008,CH,6.455776892430279,70.22328513554727
Luis Castillo,622491,2506,R,FF,95.73567961165048,98.9,0.43335993615323226,CH,5.586187624750499,61.41013514251591
Cole Sands,663485,603,R,FF,90.23267326732673,93.2,0.4228855721393035,CB,5.3194029850746265,69.42216927029715
George Kirby,669923,2092,R,FF,95.926,99.5,0.30210325047801145,CB,6.627868068833652,76.24073643529653
Juan Minaya,573668,174,R,FF,94.39277108433735,96.6,0.5229885057471264,CH,6.594827586206897,70.8353623906573
David McKay,641853,135,R,FT,93.05903614457831,95.7,0.36296296296296293,CB,6.662962962962963,69.03321913882914
Drew Carlton,656290,120,R,FT,90.69090909090909,92.7,0.375,SL,6.085,67.50440282660047
Jose Cuas,621016,687,R,FT,92.8906103286385,96.4,0.3799126637554585,SL,6.396360989810772,42.165021419014124
Jordan Weems,607179,738,R,FF,97.11698513800425,100.7,0.3617886178861789,SL,6.546070460704607,73.45840685078393
Trevor Kelley,665001,460,R,FT,90.10169491525424,92.7,0.35869565217391297,CB,6.653043478260869,38.75776575598684
Jonathan Heasley,669169,1796,R,FF,92.7874695863747,96.5,0.5089086859688196,CH,6.230984340044743,75.7087397027651
Matt Swarmer,664161,657,R,FF,90.54902723735408,93.4,0.60882800608828,SL,6.220700152207002,80.2967632917988
Anderson Espinoza,659262,375,R,FF,77.45847750865052,96.7,0.22933333333333333,SL,6.0793103448275865,71.49599180661217
Trevor Megill,656730,774,R,FF,98.6879716981132,101.7,0.44573643410852715,KC,6.537596899224806,78.80287822562865
Yency Almonte,622075,466,R,FT,96.66835443037975,99.1,0.5450643776824035,SL,6.6392703862660944,73.15402481912662
Parker Markel,571917,61,R,FF,94.78214285714286,95.7,0.5409836065573771,SL,6.409836065573771,67.94684840373552
Miguel Sánchez,667376,211,R,FF,93.83170731707317,96.3,0.6113744075829385,CH,6.12132701421801,77.49530527494005
Domingo Tapia,593619,363,R,FT,96.68025477707006,99.1,0.3168044077134986,CH,5.938842975206612,73.42230194086815
Jesus Cruz,672911,163,R,FF,94.43368421052632,96.9,0.4171779141104294,SL,6.047239263803681,77.56089783376001
Stephen Nogosek,668665,377,R,FF,94.83269230769231,97.1,0.27320954907161804,SL,6.412201591511937,69.78208285346118
Logan Gillaspie,670810,262,R,FF,95.01349206349207,97.1,0.5190839694656488,CH,6.245419847328244,81.44377459344544
Colin Holderman,670059,432,R,FT,96.07227722772278,99.4,0.41898148148148145,SL,6.369907407407408,74.82880003440087
Cody Sedlock,642060,71,R,FF,91.49677419354839,95.4,0.5633802816901408,CH,6.51830985915493,67.82184800692639
James Kaprielian,621076,2230,R,FF,93.37353479853479,97.6,0.4556053811659193,SL,6.0502018842530285,66.17897653857978
Tommy Nance,667297,751,R,FT,93.52385321100917,96.9,0.5765645805592543,CB,6.21,77.71715524939943
Kyle Barraclough,607457,139,R,FF,92.78955223880597,94.4,0.45323741007194246,SL,6.432374100719424,65.73705711535862
Joel Kuhnel,669270,926,R,FT,94.46618181818182,101.8,0.4546436285097192,SL,6.925666666666666,66.49013436188676
Robert Gsellman,607229,207,R,FT,92.64434782608696,95.3,0.4396135265700483,SL,6.3,73.78053997242361
Chad Smith,663385,337,R,FT,95.48520179372197,98.4,0.33827893175074186,SL,5.964688427299703,70.3133628058326
Johnny Cueto,456501,2372,R,FT,90.36512455516014,94.3,0.37268128161888703,CH,5.612900505902192,64.97679571902727
Alex Faedo,656412,967,R,FF,91.89780439121756,95.6,0.4819027921406412,SL,5.918924508790073,72.78489955545562
Josh Winckowski,670174,1194,R,FT,94.32270742358078,97.4,0.38190954773869346,SL,6.491959798994975,73.8118633929932
Denyi Reyes,660593,117,R,FF,93.84313725490196,95.7,0.5641025641025641,SL,7.027350427350427,67.83281304256647
Austin Pruitt,643493,809,R,FF,90.61111111111111,92.8,0.6551297898640296,SL,5.666254635352287,84.05490427204951
Carl Edwards,605218,1014,R,FF,95.61046511627907,100.2,0.3214990138067061,CB,6.809486166007905,73.11907655500661
Janson Junk,676083,159,R,FF,92.5072463768116,95.1,0.5660377358490566,SL,6.333962264150943,72.75735482345183
Graham Ashcraft,668933,1756,R,CUT,91.06303370786517,100.9,0.27790432801822323,SL,5.597400241837969,78.20249926120991
Ryan Pepiot,686752,737,R,FF,94.8780193236715,97.1,0.43826322930800543,CH,6.759158751696065,71.04300475817544
Chase Silseth,681217,501,R,FF,94.5363184079602,97.5,0.5369261477045908,SP,5.908782435129741,73.68001924517631
Yennier Cano,666974,394,R,FT,94.1132911392405,96.4,0.5736040609137056,CH,5.753553299492386,68.84580129638925
Luis Perdomo,606131,285,R,FT,93.649375,96.6,0.43859649122807015,SL,6.185964912280702,69.66912561754127
Yerry De Los Santos,660787,449,R,FT,95.79433962264152,98.7,0.3986636971046771,SL,6.642761692650334,70.33978333284206
Dylan Floro,571670,863,R,FT,91.8328025477707,94.9,0.36964078794901506,SL,6.29732868757259,60.01518505300862
Joe Kelly,523260,703,R,FT,97.52808988764045,100.2,0.604551920341394,KC,5.8805120910384066,73.07154563756642
Junior Fernández,658551,333,R,FT,99.13571428571429,101,0.45345345345345345,SL,6.557657657657658,73.34483447012333
Jared Solomon,676660,157,R,FT,94.81184210526315,98,0.5159235668789809,SL,5.946496815286625,68.57584417527625
Angel Rondón,667373,86,R,FF,93.37234042553192,96,0.45348837209302323,SL,6.6976744186046515,69.99042257063495
Yadier Molina,425877,40,R,FF,79.1,83.5,0.525,CB,4.4825,71.98317849479638
Jake Reed,596082,307,R,FT,90.15347222222222,93.5,0.46254071661237783,SL,5.388925081433225,50.46428509228849
Jake Walsh,673904,65,R,FT,94.61,97.6,0.38461538461538464,CB,6.0892307692307694,79.07932435482167
Davis Martin,663436,1042,R,FF,94.41078838174273,99.3,0.5374280230326296,SL,6.4438579654510555,73.34267964390087
Mike Clevinger,605182,1926,R,FF,94.48401697312589,98.7,0.33696780893042577,SL,6.809605399792316,73.93662093926287
César Valdez,491624,16,R,FF,84.6,84.6,0.875,CH,5.31875,68.28205716118731
Keynan Middleton,641871,241,R,FF,95.36639344262295,98.2,0.49377593360995853,SL,6.693360995850623,69.74790573570588
Michael Grove,675627,472,R,FF,94.77916666666667,98.2,0.489406779661017,CB,6.484957627118644,77.05054435258066
Shane Greene,572888,50,R,FT,90.55882352941177,93.9,0.36000000000000004,SL,5.726,70.59484929350941
J. C. Mejía,650496,59,R,FT,95.6,97,0.3559322033898305,SL,6.244067796610169,76.5856405043066
Francisco Morales,672839,79,R,FF,96.15483870967742,98.7,0.6075949367088608,SL,6.864556962025317,81.57750926049853
Tommy Kahnle,592454,174,R,FF,96.08292682926829,99.2,0.764367816091954,CH,6.5873563218390805,73.13850915328447
Luis Gil,661563,83,R,FF,97.68571428571428,99.5,0.40963855421686746,SL,6.8831325301204815,66.46467968976086
Max Kranick,668820,76,R,FF,95.935,99.2,0.47368421052631576,SL,6.705263157894737,69.95954748840789
Adrián Martinez,661309,1015,R,FT,93.59765166340509,97.1,0.496551724137931,CH,6.1823645320197045,66.67899001528518
Calvin Faucher,676534,433,R,FT,93.90223463687151,96.8,0.5866050808314087,SL,5.606928406466513,77.23706664998866
Adrian Sampson,592716,1694,R,FF,86.79768683274021,95.3,0.29220779220779225,SL,6.385252022401992,64.13729776494809
Robert Dugger,667498,284,R,FF,89.1375,92.2,0.5669014084507042,SL,6.131338028169014,68.93502555271215
Casey Lawrence,596271,297,R,FF,90.35538461538462,93,0.6498316498316499,SL,6.081144781144781,61.29380036925755
Riley O'Brien,676617,23,R,FF,93.2090909090909,94.3,0.5217391304347826,CB,6.743478260869566,76.39878067408857
Elvis Peguero,665625,308,R,FT,96.72869565217391,99.4,0.6266233766233766,SL,6.632467532467532,61.9449867796087
Sean Hjelle,663546,474,R,FT,94.39455252918287,97.9,0.4493670886075949,KC,6.599789029535865,76.1145322763378
Gregory Santos,666619,67,R,FF,99.38125,102,0.5223880597014925,SL,6.677611940298507,81.35973893043627
Zach Pop,647315,536,R,FT,96.34563106796116,99.3,0.23134328358208955,SL,6.337686567164179,67.95359772188665
Jason Alexander,669920,1160,R,FT,92.27147192716237,95.8,0.3887931034482759,SL,6.2443103448275865,66.88414183370826
Jake Bird,656234,745,R,FT,94.62069767441861,96.8,0.17181208053691274,CB,5.771275167785235,65.14758647661273
Ken Giles,571704,67,R,FF,93.63333333333334,94.6,0.5522388059701493,SL,5.614925373134328,70.16330230261036
Mark Appel,571446,149,R,FT,96.09732142857143,98.8,0.24832214765100669,SL,7.061744966442953,78.33882257416366
Dean Kremer,665152,1947,R,FF,93.37693498452012,96.4,0.2773497688751926,CH,6.281664098613251,66.78577681589896
Shane Baz,669358,444,R,FF,96.23033707865169,99.6,0.5990990990990991,SL,6.53490990990991,75.39806130184989
Enoli Paredes,660600,57,R,FF,95.04285714285714,97.1,0.14035087719298245,SL,6.321052631578947,69.54901837301628
Jimmy Yacabonis,642231,292,R,FT,93.01618497109827,95.2,0.40753424657534243,SL,5.948972602739726,66.71305579782789
José Leclerc,600917,782,R,FF,94.80454545454546,97.2,0.5741687979539642,SL,5.433802816901409,73.67482691644432
Connor Seabold,657756,370,R,FF,91.45634517766497,93.8,0.46756756756756757,SL,5.963513513513513,63.45913317278013
Ian Gibaut,664139,694,R,FF,94.58491803278689,99.2,0.33285302593659943,SL,6.871238938053097,77.1064686143415
Shaun Anderson,641312,21,R,FF,92.86666666666666,93.5,0.8571428571428571,SL,6.614285714285714,70.71036258377593
Jackson Tetreault,676194,365,R,FF,96.0085308056872,99.3,0.10410958904109589,CB,7.12027397260274,68.05566072036224
Chi Chi González,592346,376,R,FF,92.36347826086957,94.9,0.4920212765957447,SL,6.003989361702128,70.8830515880587
Alec Mills,621219,302,R,FT,88.10619469026548,90.5,0.40066225165562913,CH,6.094039735099337,63.13341208570179
Jack Flaherty,656427,662,R,FF,94.5003125,98.9,0.42447129909365555,SL,6.851812688821752,65.53520891558071
Johan Oviedo,670912,980,R,FF,97.47535211267606,100.5,0.5653061224489796,SL,7.095918367346939,63.219650907250326
Jeremy Beasley,676886,271,R,FF,95.31265060240963,97.8,0.3874538745387454,SL,6.340959409594096,70.98521038936434
Tommy Hunter,488984,349,R,CUT,91.49634146341464,94.2,0.14040114613180515,CB,6.31432664756447,74.48308746766853
Lance Lynn,458681,2022,R,FF,93.14668117519042,96.4,0.17408506429277942,CB,6.328585558852621,59.428115349958574
Max Castillo,666721,697,R,FF,93.46656716417911,96.9,0.5193687230989957,CH,6.6647058823529415,62.706283171182676
Daniel Mengden,596043,119,R,CUT,87.64102564102564,90.6,0.3781512605042017,CH,6.211764705882353,72.47450960263414
Peter Strzelecki,657265,605,R,FF,93.61118012422361,96.6,0.4677685950413223,SL,6.481652892561984,62.572675927362965
Jerad Eickhoff,595191,83,R,FF,88.90526315789474,90.9,0.7710843373493976,SL,6.251807228915663,73.50724964623687
Caleb Kilian,668873,235,R,FT,94.84433962264151,98.7,0.09787234042553192,CB,6.967234042553192,76.62008387115291
Luke Bard,572703,241,R,FF,94.08658536585367,95.8,0.46887966804979253,SL,6.384647302904565,74.20229841951296
Michael Kelly,547184,64,R,FF,93.48,94.6,0.703125,SL,6.0390625,80.55699531636483
Brandon Bielak,656232,226,R,FF,91.80379746835443,94.1,0.4070796460176991,CB,5.46858407079646,76.02146019743579
Reed Garrett,657585,196,R,FF,96.08144329896908,99.5,0.08163265306122448,SP,6.3887755102040815,73.07793220204367
Jesus Tinoco,622786,350,R,FT,95.42156862745098,97.2,0.52,SL,6.011428571428572,76.08375773606389
Ryan Weber,543901,127,R,FT,87.47183098591549,89,0.4409448818897638,SL,5.393700787401575,66.37513733346101
Rico Garcia,670329,136,R,FF,94.8404761904762,97,0.38235294117647056,CH,5.988970588235294,79.43057465425183
Tyson Miller,668338,228,R,FF,92.22941176470589,95.4,0.40789473684210525,SL,7.0656387665198235,53.04876001062064
Kyle Tyler,667725,40,R,FF,91.75357142857143,93.1,0.30000000000000004,CB,6.965,74.05265894603953
Arodys Vizcaíno,527055,115,R,FF,96.48769230769231,98.6,0.40869565217391307,SL,5.78,78.35139766133436
Edward Cabrera,665795,1215,R,FF,96.13658536585366,99.5,0.6888888888888889,CH,6.446090534979424,74.44951746120839
Luke Barker,673316,54,R,FF,91.028125,92.5,0.4074074074074074,SP,6.4981481481481485,73.31867597894497
Stephen Strasburg,544931,83,R,FF,91.57391304347826,93,0.49397590361445787,CB,7.039759036144578,74.67171907554571
Ian Hamilton,641656,42,R,FF,92.57368421052631,93.5,0.47619047619047616,SL,5.752380952380952,68.88494404300974
Garrett Hill,682051,1019,R,FF,92.20716049382716,96.8,0.4072620215897939,SL,6.449558390578999,63.859933151406196
Jeff Brigham,656257,419,R,FF,93.85280898876404,96.8,0.5751789976133651,SL,6.064677804295942,67.04197940835863
Erich Uelmen,657272,463,R,FF,90.56712328767124,96.6,0.3801295896328294,SL,6.729024943310658,53.62644111979402
Cory Abbott,676265,845,R,FF,91.03869463869464,94.1,0.49230769230769234,SL,6.158343195266272,65.85219587170175
Jonathan Hernández,642546,511,R,FT,97.76372093023255,100.1,0.5675146771037182,SL,6.29412915851272,74.65299546137508
Jordan Sheffield,642068,37,R,FF,92.9764705882353,95.1,0.5405405405405406,SL,5.5729729729729724,77.04295740204381
James Karinchak,675916,704,R,FF,94.66928571428572,97.1,0.4034090909090909,CB,5.95547652916074,91.30854943010347
Nick Neidert,663734,82,R,FF,92.015,94.2,0.5121951219512195,SL,6.690243902439025,63.0288870117827
Touki Toussaint,657053,431,R,FT,92.82748538011695,96.2,0.531322505800464,CB,7.0116009280742455,73.1006770262383
Huascar Brazoban,623211,631,R,CUT,86.57916666666667,90.8,0.2519809825673534,CH,5.785736925515056,73.8258901456063
Derek Law,571882,352,R,CUT,91.32586206896552,94.5,0.2727272727272727,CB,6.547443181818182,78.58694525180972
Kaleb Ort,672391,529,R,FF,95.7373417721519,100.6,0.4007561436672968,SL,6.106616257088847,61.82634161663238
José Cisnero,542585,430,R,FF,95.222077922077915,97.2,0.3186046511627907,SL,6.136046511627907,73.13417082693064
Michel Báez,673258,25,R,FF,93.83076923076923,94.8,0.44,CH,5.948,76.98805297852654
Pete Fairbanks,664126,352,R,FF,99.25277777777778,101.6,0.3806818181818182,SL,6.557386363636364,88.12486407481568
Aníbal Sánchez,434671,1232,R,CUT,87.28666666666666,90.6,0.37337662337662336,CH,6.3017045454545455,87.27285932810877
Bryan Garcia,650530,317,R,FT,92.19551282051282,94.8,0.5078864353312302,CH,5.94006309148265,66.28845916562857
Brayan Bello,678394,997,R,FT,96.37378917378918,99.7,0.4613841524573721,CH,6.371514543630893,69.20280107608845
Chris Devenski,606965,241,R,FF,93.76571428571428,97.1,0.5643153526970954,CH,6.084647302904564,87.5905807185767
Domingo Germán,593334,1081,R,FF,92.06101694915255,94.6,0.6049953746530989,CB,6.058649398704903,73.87766872869956
Jordan Holloway,656548,47,R,FT,96.61428571428571,97.4,0.7659574468085106,SL,6.542553191489362,77.7054218892813
José Marte,665896,265,R,CUT,90.465625,94.5,0.011320754716981133,SL,6.969056603773585,69.15904460170954
Connor Sadzeck,592712,48,R,FF,94.58181818181818,95.5,0.7083333333333334,SL,6.127083333333333,65.03982012762523
Max Meyer,676974,89,R,FF,94.31142857142858,95.9,0.6067415730337079,SL,5.955056179775281,77.41587652556606
A. J. Alexy,669935,152,R,FF,94.33764705882353,98.2,0.4407894736842105,SL,6.457894736842105,79.4749516793242
Tyler Clippard,461325,113,R,FT,87.28684210526316,89.1,0.5221238938053098,CH,6.110619469026549,73.33859936570346
Tayler Scott,605463,255,R,FT,92.46231884057971,94.8,0.580392156862745,SL,5.658431372549019,75.00170129072497
Nick Duron,663975,16,R,FF,96.35,97.4,0.25,SL,6.0375,67.66055451581394
Bubby Rossman,657745,18,R,FF,96.55,98.6,0.2222222222222222,CB,6.461111111111111,80.04578041889798
Michael Taylor,572191,37,R,FF,91.2,92.6,0.6486486486486487,SL,5.037837837837838,73.97149074254632
Michael Feliz,593140,61,R,FF,94.76071428571429,96.9,0.5409836065573771,SL,6.844262295081967,76.10086480643815
James Naile,664942,126,R,FT,92.01016949152542,94.3,0.3333333333333333,CB,6.522222222222222,75.00912237745548
Cristofer Ogando,642657,74,R,FT,94.1774193548387,97.1,0.5405405405405406,SL,6.078378378378378,67.87204127063481
Thomas Hatch,641672,71,R,CUT,87.73448275862069,91.6,0.15492957746478872,CH,6.177464788732395,74.74523739178879
Austin Brice,592169,106,R,FF,92.60967741935484,94.1,0.4716981132075472,CB,5.566037735849057,70.52492747634822
Silvino Bracho,611093,65,R,FF,92.25925925925925,94.7,0.5846153846153846,CH,5.950769230769231,73.80444924670623
Jacob deGrom,594798,940,R,FF,99.52488789237668,102.6,0.5255319148936171,SL,6.6488297872340425,75.36971685058394
Luke Farrell,608652,285,R,FF,91.2,93.6,0.512280701754386,SL,6.304912280701754,75.46357975084882
Kevin Ginkel,656464,479,R,FF,97.04932432432433,99.9,0.3799582463465553,SL,6.751882845188285,70.86681966680565
Chase Anderson,502624,493,R,FF,91.45390625,95.7,0.44624746450304265,CH,5.901419878296146,77.58051809299269
Manuel Rodríguez,655889,203,R,FT,96.04444444444444,98.6,0.35960591133004927,SL,6.244334975369458,80.59713534667232
Justin Dunn,643290,540,R,FF,79.86007462686567,95.1,0.5037037037037037,SL,6.532692307692308,78.60742260358197
Greg Weissert,669711,186,R,FT,94.38450704225352,96.5,0.467741935483871,SL,6.114516129032258,53.500350028041325
Sam Coonrod,656322,236,R,FF,97.31341463414634,99.5,0.34745762711864403,SL,6.420338983050848,71.86452120736794
J. T. Chargois,608638,334,R,FT,96.03367346938775,98.4,0.38323353293413176,SL,6.211077844311378,68.53349361405499
Kirby Yates,489446,137,R,FF,92.82173913043478,94.5,0.49635036496350365,SP,6.072262773722628,64.67724217522351
Jeremiah Estrada,669093,117,R,FF,97.01363636363637,98.7,0.24786324786324787,SL,6.619658119658119,77.99950721903771
Jay Jackson,543351,12,R,FF,92.86,93.4,0.5833333333333334,SL,6.258333333333333,68.15959390267946
Javier Assad,665871,690,R,FT,92.84239631336405,95.5,0.2043478260869565,SL,6.57072463768116,72.68031568754083
Zack Kelly,677161,222,R,FF,94.88333333333334,97.4,0.527027027027027,CH,6.6824324324324325,61.5476801156571
Kohei Arihara,685503,390,R,CUT,88.65959595959596,92.5,0.4666666666666666,CH,6.688974358974359,64.4940191588853
Gerardo Reyes,622103,47,R,FF,94.98611111111111,97.1,0.23404255319148937,SL,5.6127659574468085,76.84564267018969
Dustin May,669160,474,R,FT,97.4043795620438,100.2,0.2679324894514768,CB,6.504008438818565,65.53510222911413
Cade Cavalli,676917,99,R,FF,95.4975,98.2,0.5757575757575757,CB,6.103030303030303,72.58061026654207
Lance McCullers,621121,759,R,FT,92.2252688172043,95.4,0.6772068511198945,SL,5.804084321475626,75.28980542167834
Bryan Hoeing,663773,267,R,FT,93.61322751322751,96,0.29213483146067415,SL,6.754681647940075,64.16272841361963
Norge Ruíz,650204,366,R,FF,93.29751552795031,96,0.5601092896174863,SL,6.171857923497268,74.546922305191
T. J. Zeuch,643615,250,R,FT,92.52,95.2,0.404,SL,6.6596,75.501597067346
Nicholas Padilla,656820,39,R,CUT,92.59583333333333,94.1,0.23076923076923078,SL,5.941025641025641,79.45348102527264
Franmil Reyes,614177,10,R,FF,87.06666666666666,88.2,0.6000000000000001,CH,5.9,77.57997562792416
José Butto,676130,98,R,FF,94.378,96,0.4897959183673469,CB,6.127551020408164,68.56840125671354
Tyler Cyr,664202,224,R,FF,95.84150943396226,98.4,0.33482142857142855,CH,7.108035714285714,80.36260483342137
Freddy Tarnok,676206,10,R,FF,96.24,97.2,0.5,CH,6.13,74.13565785378476
R. J. Alvarez,571439,51,R,FT,92.37647058823529,94.7,0.4901960784313726,SL,6.007843137254902,69.50111826726932
Xzavion Curry,675540,165,R,FF,91.95154639175257,94.3,0.4121212121212121,SL,6.157575757575757,74.9573907279826
A. J. Ladwig,607609,41,R,FT,91.15,92.7,0.5365853658536586,SL,6.2317073170731705,79.73351648754443
Luis Castillo,622379,60,R,FT,93.45,94.5,0.4666666666666667,SL,6.208333333333333,63.90067476227813
Hunter Gaddis,683769,171,R,FF,94.1978021978022,96.7,0.23391812865497075,CH,6.861988304093567,67.05715296364687
Aneurys Zabala,656008,43,R,FF,98.72727272727273,100.2,0.4883720930232558,CH,6.209302325581396,66.80374370697763
Louie Varland,686973,411,R,FF,94.39795918367346,97.1,0.3381995133819951,SL,6.698540145985401,69.56979823316388
Adbert Alzolay,640470,193,R,FF,94.83943661971831,97.6,0.38341968911917096,SL,6.427979274611399,76.74279921963209
Noah Davis,663562,32,R,FT,94.2,94.9,0.625,SL,5.890625,71.34993662692503
Nash Walters,663534,16,R,FF,95.36666666666667,96.7,0.0625,CB,6.8,78.10752478652601
Eduard Bazardo,660825,236,R,FF,93.15068493150685,95.5,0.5423728813559322,SL,5.763135593220339,69.16679860012721
Zack Weiss,592848,209,R,FF,94.29253731343283,96.3,0.6267942583732058,SL,6.107177033492823,67.89080415438812
Luis Ortiz,656814,118,R,FF,94.0625,95.8,0.5084745762711864,SL,5.8694915254237285,68.75012282046022
Gavin Hollowell,668970,143,R,FT,94.925,96.8,0.4195804195804196,SL,7.011888111888112,64.31539699528614
Nick Mears,683232,31,R,FF,97.58823529411765,98.5,0.45161290322580644,CB,6.974193548387097,82.65498379853958
Cole Waites,686972,104,R,FF,97.62465753424658,100.2,0.2980769230769231,SL,7.1528846153846155,72.51180021899685
Hunter Brown,686613,309,R,FF,96.91111111111111,100.1,0.46925566343042074,KC,6.541747572815534,77.38880015232698
Miguel Díaz,622766,56,R,FF,94.67777777777778,97,0.4464285714285714,CH,5.798214285714286,80.77517966291342
Fernando Cruz,518585,260,R,FF,95.37936507936507,97.2,0.7384615384615385,SL,6.963076923076923,76.12025796717543
Hayden Wesneski,669713,495,R,FF,93.88046875,96.3,0.39595959595959596,SL,6.693737373737374,70.56740020283313
Kevin Herget,643361,111,R,FF,90.87777777777778,92.8,0.3783783783783784,CH,5.787387387387388,69.10989804708498
Tyler Glasnow,607192,114,R,FF,99.13934426229508,101.4,0.4649122807017544,SL,7.339473684210526,74.48138662759517
Shelby Miller,571946,127,R,FF,95.65263157894736,98.1,0.5511811023622047,SL,7.175590551181102,69.66228052292388
Cody Morris,663752,404,R,FF,94.98166666666667,98.4,0.24009900990099012,CH,6.406683168316832,72.27747874724248
Simeon Woods Richardson,680573,91,R,FF,91.584,93.6,0.45054945054945056,SL,6.7274725274725276,87.45049647713996
Andre Jackson,656578,156,R,FF,95.54736842105262,97.8,0.6346153846153846,CH,6.436538461538461,74.86488498978943
Easton McGee,668834,46,R,FT,92.58,93.7,0.5217391304347826,SL,6.5630434782608695,67.59669011153778
Justin Topa,623437,125,R,FT,94.55232558139535,96.2,0.312,SL,5.7808,75.569879647456915
Frank German,681464,84,R,FF,98.20862068965518,100.4,0.30952380952380953,SL,6.651190476190476,72.20424026937404
Drey Jameson,686753,370,R,FF,94.68203125,97.9,0.3756756756756757,SL,5.693513513513514,70.02775805865328
Luis Ortiz,682847,275,R,FF,98.68427672955974,101.2,0.4218181818181818,SL,6.5218181818181815,75.94303080416846
Ronny Henriquez,678692,181,R,FF,93.5780487804878,95.4,0.7569060773480663,SL,6.4679558011049725,67.28431344667628
Collin Wiles,621079,154,R,CUT,87.8296875,89.6,0.2532467532467533,CB,6.750649350649351,78.4085952931868
Ryne Nelson,669194,253,R,FF,95.16988636363637,98.5,0.30434782608695654,CB,6.627667984189723,86.5035264836584
Kyle Dowdy,664871,95,R,FF,96.96666666666667,99.4,0.4,CB,6.648421052631579,72.809181906426
Raynel Espinal,642659,76,R,FF,93.14827586206897,95.5,0.618421052631579,CH,6.528947368421052,66.39426219747502
Yonny Chirinos,630023,100,R,FT,92.92631578947369,95.4,0.41000000000000003,SL,6.163,84.55803870898332
Cooper Criswell,681867,45,R,FT,90.152,91.4,0.35555555555555557,SL,6.455555555555556,75.84088544077109
Bryce Montes de Oca,656755,84,R,CUT,96.93333333333334,99.2,0.2261904761904762,SL,7.085714285714285,75.26064058896259
Vinny Nittoli,657697,40,R,FF,93.8,95.3,0.7,SL,6.91,60.75612450074162
Marwin Gonzalez,503556,4,R,CUT,86.85,87.8,0,CH,4.9,81.98039226241237
Zac Lowther,675912,100,L,FF,91.25192307692308,94,0.48000000000000004,CH,6.788,69.77043168476078
Adam Kolarek,592473,319,L,FT,88.25628140703517,92.4,0.31974921630094044,SL,6.615047021943574,56.6850462046914
Danny Coulombe,543056,230,L,FF,90.52666666666667,92.7,0.6217391304347826,SL,5.774782608695652,92.00590096045889
Logan Allen,663531,164,L,FF,91.27,94.4,0.5731707317073171,SL,5.909756097560976,71.59531652066433
Conner Menez,669214,24,L,FF,91.67272727272727,93.9,0.5416666666666666,SL,6.575,64.70546671923546
Robbie Erlin,572362,40,L,FF,88.425,89.7,0.6,CB,6.1375,66.23990979195301
Phillip Diehl,670426,120,L,FF,89.8016129032258,91.4,0.48333333333333334,SL,5.541666666666667,67.63213674732535
Locke St. John,657766,29,L,FF,89.34,90.5,0.4482758620689655,SL,6.106896551724138,69.13258625928702
Sam Howard,607572,58,L,FF,90.53225806451613,92.7,0.46551724137931033,SL,5.932758620689655,73.51942391455921
Jake Brentz,641394,160,L,FF,96.64891304347826,99.2,0.38125,SL,6.67125,77.2773720872717
Tayler Saucedo,642048,48,L,FT,92.37142857142857,94,0.5208333333333333,SL,6.429166666666667,64.00898247447618
Anderson Severino,644429,133,L,FF,95.66962025316455,99.5,0.3533834586466165,SL,6.108270676691729,75.14899077447325
Damon Jones,676103,105,L,FF,91.47272727272727,95,0.37142857142857144,SL,6.1663461538461535,69.2766065913401
Alex Wells,649144,66,L,FF,86.83571428571429,88.6,0.5757575757575757,CB,5.434848484848485,65.36859839322719
Justin Wilson,458677,54,L,FF,94.47368421052632,95.8,0.3148148148148148,SL,6.087037037037037,78.83754668421932
Oliver Pérez,424144,73,L,FT,87.7720930232558,90.3,0.3698630136986301,SL,6.134246575342465,65.01244580622162
Sean Doolittle,448281,55,L,FF,93.01951219512195,95.2,0.2545454545454545,CB,6.2690909090909095,68.08497666991929
Brian Moran,572383,25,L,FF,85.66666666666667,86.9,0.52,CB,7.052,61.74588539221645
John Means,607644,135,L,FF,90.87017543859649,93.5,0.5777777777777777,CH,6.014814814814815,81.06457423512177
Anthony Kay,641743,39,L,FF,93.6625,95.2,0.3846153846153846,SL,5.876923076923077,73.64813253183792
Cam Alldred,682027,16,L,FT,86.6875,89.5,0.5,SL,6.275,56.86899895413053
Yerry Rodríguez,666720,18,R,FT,98.21666666666667,98.9,0.4444444444444444,SL,6.555555555555555,70.53469276631859
Bowden Francis,670102,9,R,FF,93.3,94.1,0.5555555555555556,CB,6.911111111111111,75.17691343387257
